"Amostra","Latitude","Longitude","Elevation","Ca","Mg","Na","Cl","HCo3","Co3","No3","RS"
"CH-01",-14.8758333333333,-39.9013888888889,282.6006,120,141,172,660,268.4,0,0,1771
"CH-03",-14.8533333333333,-39.6611111111111,184,0.8,1.45,4.3,7,6.1,0,1.5,35
"CH-05",-15.5180555555556,-39.1705555555556,104.90039,1.6749,0.97,7.6,13,4.88,0,0,53
"CH-07",-15.3927777777778,-39.0033333333333,39.299805,21.6,2.91,16.3,23,73.2,0,0,203
"CH-10",-14.9661111111111,-39.1644444444444,77,69.6,23.3,30,38,341.6,0,2.5,480
"CH-15",-14.6666666666667,-39.0897222222222,12.200195,18.4,17.01,29.8,78,73.2,0,0,241
"CH-16",-14.5855555555556,-39.2983333333333,92.700195,14.4,9.23,17.9,46,65.88,0,0,174
"CH-19",-15.0272222222222,-39.5780555555556,130.90039,88.02,140,750,320,577.41,0,8.8,2100
"CH-20",-15.2077777777778,-39.5005555555556,201.7998,24.26,22.13,33,20,173.13,0,1.3,281
"CH-21",-14.8272222222222,-39.7313888888889,249,5.6,6.3,91.8,45.1,12.68,0,2.2,196
"CH-22",-14.8452777777778,-39.5416666666667,167.60059,2.3,2.2,13.6,6.7,3.66,0,1.3,49
"CH-23",-14.8772222222222,-39.0275,40.799805,40.84,11.88,30.6,6.9,189.46,0,2.2,317
"CH-25",-14.9591666666667,-39.0647222222222,66.100586,7.5,6.5,44.2,17.6,27.31,0,8.8,117
"CH-26",-14.7566666666667,-39.2544444444444,55.100586,150,83.7,280,340,298.81,0,0.4,1900
"CH-27",-14.3436111111111,-39.1641666666667,33,317,150,260,620,346.89,0,0.4,3120
"CH-29",-15.1111111111111,-40.0138888888889,231.90039,15.86,8.2,64.6,18.6,59.5,0,15.4,158
"CH-30",-15.7255555555556,-39.1563888888889,56.40039,53.6,11.17,42,87,195.2,0,9,352
"CH-31",-14.1,-39.2636111111111,297.7998,12.8,14.58,15.5,66,48.8,0,0,186
"CN-05",-13.2897222222222,-41.6022222222222,574.7002,1.22,0.48,0.6,0.5,7.32,0,0,9
"CN-10",-13.7411111111111,-41.7127777777778,598.6006,223,133.7,202,725,305,0,187.5,2122
"CN-101",-13.9569444444444,-39.3502777777778,326.6006,90,63.2,109,180,405,0,112.5,1005
"CN-103",-15.1155555555556,-41.9488888888889,988.7002,28.8,29.3,51.3,152,136.6,0,2,407
"CN-104",-15.0127777777778,-41.7277777777778,727.7998,5.3,4.1,20.4,17.6,55.77,0,2.2,122
"CN-105",-14.0833333333333,-39.8433333333333,158,7.5,2.7,64.64,20.6,47.06,0,22,272
"CN-107",-14.3258333333333,-39.1466666666667,119.200195,6.3,10.82,63.68,47.04,17.56,0,1.3,263
"CN-108",-14.3488888888889,-40.2175,789.7002,61.45,110,140,98.98,496.7,0,15.4,909
"CN-109",-14.3558333333333,-40.2383333333333,865,110,120,440,190,456.22,0,22,1610
"CN-11",-13.8291666666667,-41.8816666666667,546.7998,120,29.2,132,190,378,0,60,946
"CN-110",-14.2475,-41.7127777777778,452.7998,26.96,110,31.21,12.74,632.5,0,4.4,543
"CN-111",-14.0427777777778,-41.7452777777778,479.2998,44.8,28.62,170,38.22,336.24,0,22,590
"CN-113",-14.4277777777778,-41.6063888888889,656.1006,2.5,1,6.8,5.9,16.41,0,2.2,50
"CN-114",-15.0275,-41.9327777777778,719.7998,1.7,3.7,10.2,7.8,14.48,0,2.2,30
"CN-115",-14.2880555555556,-40.0275,308.2998,4.4,3.9,13.6,7.8,27.04,0,4.2,69
"CN-116",-14.0516666666667,-39.6341666666667,179.5,20.04,7.5,71.4,45.1,88.6,0,2.2,378
"CN-117",-14.7408333333333,-39.6680555555556,465.2998,20.62,12.27,110,22.5,130.7,0,22,356
"CN-118",-14.2655555555556,-39.8433333333333,198.10059,3.3,4.1,15.3,7.8,34.04,0,3.1,67
"CN-119",-14.1919444444444,-40.7219444444444,411,79.69,41.37,880,380,47.79,0,22,667
"CN-12",-13.9338888888889,-41.9069444444444,488.2002,84,48,118,340,185.4,0,2.5,852
"CN-121",-14.7655555555556,-40.1363888888889,458.1006,65.2,61.32,120,32.78,0,1.8,1,100
"CN-122",-14.6530555555556,-40.4627777777778,928.9004,107,33.43,160,120,241.89,0,2.2,886
"CN-123",-14.6544444444444,-40.6516666666667,947.4004,10.7,10,210,140,726.64,0,1.8,1290
"CN-124",-14.3366666666667,-40.9211111111111,605.7998,203,10,100,850,133.01,0,1.8,4080
"CN-125",-14.3569444444444,-40.5558333333333,763.9004,3.9,2.6,13.3,14.9,52,0,0.5,94
"CN-126",-14.7908333333333,-40.9508333333333,806.6006,27.6,12.7,37.5,116,39,0,6,0
"CN-127",-13.5166666666667,-40.9472222222222,495.6006,39.7,27,65.2,131,195,0,0,0
"CN-128",-13.5055555555556,-40.0722222222222,699.7998,5.4,4.9,46.5,87.5,19,0,0.2,170
"CN-129",-13.5,-40.0472222222222,671.4004,33.6,25.3,69.6,156,148.8,0,0,415
"CN-13",-13.9927777777778,-41.6925,394.6006,26,12.2,25.1,62.5,90.3,0,3.5,230
"CN-130",-13.1652777777778,-40.2166666666667,869,160,145.8,191,750,327,0,0,1845
"CN-14",-13.8963888888889,-41.58,858.6006,70,20.7,20.7,45,290.4,0,0,432
"CN-15",-13.8436111111111,-41.3011111111111,506.7002,120,124,178,525,483.1,0,0,1468
"CN-16",-13.8116666666667,-41.4358333333333,980.2002,74,42.5,60,117.5,434.3,0,0,710
"CN-17",-13.6194444444444,-41.5525,723.9004,15,10,25.4,45,87.8,0,0,183
"CN-21",-13.3822222222222,-41.2947222222222,960.2002,20.8,3.4,11.8,20,80.52,0,2,112
"CN-22",-13.3288888888889,-40.9002777777778,534.1006,296,357.21,352,2000,253.76,0,22,4488
"CN-23",-13.5344444444444,-40.6113888888889,462,18.4,10.69,22.5,68,63.44,0,2,218
"CN-25",-13.8530555555556,-40.6211111111111,228,560,262.44,400,2000,253.76,0,0,4833
"CN-26",-13.6730555555556,-40.6747222222222,325.2002,220,236.14,200,1200,297.68,0,11.8,2480
"CN-27",-13.6822222222222,-40.9038888888889,426,367,255.2,492,1950,273.3,0,0,3980
"CN-28",-13.7597222222222,-40.2716666666667,631.4004,207,158,344,1275,180.6,0,0,2640
"CN-29",-13.6875,-40.1052777777778,320.7002,44.78,24.3,143,5.9,0,7.5,840,
"CN-32",-13.6919444444444,-39.7941666666667,281.6006,201,170.1,464,1500,165.92,0,4.5,3550
"CN-35",-13.5488888888889,-39.6505555555556,195.60059,112,134.86,130,400,492.88,0,85,1342
"CN-36",-14.0905555555556,-41.75,517,50,27.94,114,160,283.04,0,6.5,684
"CN-37",-14.0247222222222,-41.655,388.9004,156,63.18,140,450,297.68,0,22.5,1228
"CN-38",-14.3866666666667,-41.8794444444445,497.7002,3.8,5.34,5.5,10,53.68,0,0,79
"CN-39",-14.0133333333333,-41.4394444444445,378,19.2,9.23,12,28,78.08,0,1,131
"CN-41",-14.0252777777778,-41.3019444444444,450,25.6,15.06,37.5,80,126.88,0,1.5,253
"CN-42",-14.2825,-41.7544444444444,445,114,65.6,124,370,380.64,0,9,1189
"CN-43",-14.6208333333333,-41.13,403.7002,61.7,57.1,71.2,140,353.8,0,45,724
"CN-44",-14.6961111111111,-41.6386111111111,711.9004,94,92.34,111.2,215,331.84,0,295,1089
"CN-45",-14.5494444444444,-41.675,685.4004,28,11.17,71.2,35,268.4,0,1.5,439
"CN-46",-14.4338888888889,-41.925,515.9004,124,26.73,90,260,341.6,0,0,888
"CN-48",-14.6575,-41.5208333333333,664.5,106,47.38,45,315,170.8,0,5.5,710
"CN-50",-14.8938888888889,-41.9716666666667,642.7998,225,80.19,240,575,585.6,0,49.5,1913
"CN-51",-14.2975,-41.2672222222222,471,10,9.2,8.5,19,68.3,0,1,102
"CN-52",-14.8691666666667,-41.1283333333333,543.7002,136,72.9,105,82,0,50.5,1048,
"CN-54",-14.8377777777778,-41.3925,454.7002,44.37,30.4,47.2,137.5,170.8,0,5,412
"CN-55",-14.975,-41.4158333333333,510,18.4,9.72,59,82.5,117.12,0,0,355
"CN-57",-14.59,-41.2569444444444,538.2998,413,160.38,256,1075,287.92,0,5,3255
"CN-59",-14.4111111111111,-41.0719444444444,359.7002,70,64.39,136,500,48.8,0,0,1054
"CN-60",-14.9027777777778,-41.3338888888889,491.2002,13.6,9.23,21.7,30,97.6,0,0,156
"CN-62",-14.9366666666667,-41.7169444444444,623.7002,112.8,56.37,104,59.6,0,120,1161,
"CN-63",-14.5066666666667,-41.7613888888889,589.2002,44.7,38.88,125,220,265.96,35.97,0,739
"CN-66",-14.6211111111111,-40.665,784.2998,35.2,12.2,19.8,33,173.2,0,2,308
"CN-70",-14.4544444444444,-40.6802777777778,619.7002,12.8,5.3,18.8,16,102.5,0,0,146
"CN-73",-14.5675,-40.2966666666667,832,16,8.74,18.8,47,73.2,0,0,176
"CN-75",-14.8038888888889,-40.1447222222222,433.2998,16,10.69,18.5,50,73.2,0,0,180
"CN-77",-14.5886111111111,-40.425,858,103,364.5,38.5,600,736.88,0,78.75,2263
"CN-79",-14.1195,-40.2030555555556,501,925,1001,1019,6500,292.8,0,0,10210
"CN-80",-14.1808333333333,-40.3688888888889,637.7002,163,153,290,1000,302.56,0,0,2300
"CN-81",-14.0475,-40.56,340.9004,24,14,27,10,0,0,208,
"CN-82",-14.0383333333333,-40.9791666666667,285.9004,405,243,500,1500,683.2,0,29.5,4010
"CN-90",-14.355,-39.5069444444444,107,80,255,225,900,361.1,0,0,2170
"CN-93",-14.4516666666667,-40.0536111111111,339.7998,16,14.6,37,86,73.2,0,1.5,240
"CN-94",-14.6583333333333,-39.8994444444444,215,82,116.6,120.5,480,234.2,0,0,1233
"IN-02",-12.0630555555556,-37.7258333333333,5.7998047,16.8,13.12,40,112,46.36,0,0,246
"IN-05",-12.2566666666667,-38.0369444444444,40.90039,20,2.43,21.5,40,34.16,0,39,172
"IN-06",-12.3716666666667,-38.0741666666667,82,1.64,1.94,6.5,10,14.84,0,0,37
"IN-07",-12.3897222222222,-37.8830555555556,4,136,60.75,325,580,361.12,0,157.5,1782
"IN-08",-12.2216666666667,-37.7516666666667,0,4,3.88,23,38,29.28,0,0,102
"IN-09",-12.15,-38.1166666666667,122.40039,2.4,4.37,32.5,49,37.82,0,0,182
"IN-10",-12.275,-38.05,94.600586,17.6,3.89,12.75,21,65.88,0,0,122
"IN-11",-12.4833333333333,-38.0333333333333,75.200195,4.8,0.49,5.4,10,12.2,0,0,45
"JQ-01",-12.9302777777778,-39.8933333333333,551.2002,600,935.55,1250,5700,207.4,0,0,9021
"JQ-02",-13.4927777777778,-40.0469444444444,663.9004,52.6,34.02,90,340,19.52,0,9.5,767
"JQ-05",-13.2263888888889,-40.2288888888889,776.1006,880,583.2,1825,6200,9.76,0,0,12222
"JQ-05",-13.15888888889,-40.178888888889,873.2002,820,573.2,1625,6200,9.76,0,0,12222
"JQ-05",-13.188889,-40.188888889,883.6006,816,563.2,1725,6200,9.76,0,0,12222
"JQ-05",-13.1688888889,-40.28888889,862,860,513.2,1775,6200,9.76,0,0,12222
"JQ-06",-13.2508333333333,-40.0827777777778,534.4004,370,340,690,2750,53.68,0,0,5108
"JQ-07",-13.0258333333333,-40.0705555555556,570.9004,265,486,450,2300,161.04,0,290,4164
"JQ-09",-13.0986111111111,-39.7930555555556,549.2002,61,38.9,252,600,58.6,0,0,1160
"JQ-10",-13.0397222222222,-39.6575,418.2002,63,38,167,450,73.2,0,2,1016
"JQ-11",-13.6177777777778,-39.9780555555556,712.5,101,60.75,296,800,85.4,0,4,1703
"JQ-13",-13.2544444444444,-39.6419444444444,395.2002,22.4,21.38,60,190,31.72,0,0,508
"JQ-23",-13.6697222222222,-39.1163888888889,34,1.63256,0.97,3,6,7.32,0,0,77
"JQ-25",-13.285,-38.9719444444444,2.100586,100,85.1,418,825,497.8,0,57.5,1960
"JQ-26",-13.1627777777778,-39.4538888888889,176.10059,19.2,15.6,75,160,80.5,0,0,396
"JQ-27",-13.0430555555556,-39.4558333333333,284,20.8,16.1,26.2,17,146.4,12,0,323
"JQ-28",-12.9016666666667,-39.7511111111111,351.7002,360,558.9,792,3300,146.4,0,0,6057
"JQ-29",-13.7277777777778,-39.4972222222222,180.7998,20.6,24,65.6,69,201,0,0,0
"JQ-30",-13.3416666666667,-39.8611111111111,552.1006,130,172,545,1600,27,0,0,0
"JQ-31",-13.2805555555556,-39.8222222222222,407.9004,9.5,18.6,317,435,134,0,0,0
"JQ-32",-12.7388888888889,-39.7194444444444,355.2002,153,330,840,2470,122,0,0.5,0
"JQ-33",-12.8944444444444,-39.7222222222222,340,9,10.8,159,226,44,0,0.9,496.4
"JQ-34",-12.8625,-39.8569444444444,389,2.4,2.4,2.7,3.9,0,0,8.8,5
"JQ-35",-14.34,-39.4102777777778,77.90039,1.7,1.8,4.4,6.7,0,0,1.8,8
"PD-03",-14.8036111111111,-40.6469444444444,889.4004,36,34,72,257.5,14.6,0,10.5,474
"PD-04",-14.7452777777778,-40.5116666666667,953,18,24.3,77.5,177.5,87.8,0,13.5,400
"PD-05",-14.8872222222222,-40.8572222222222,896.2998,40.37,43.7,111,385,24.4,0,0,680
"PD-07",-14.9458333333333,-40.9413888888889,838,23.2,12.2,7.9,13,124.4,0,2,142
"PD-08",-14.9530555555556,-40.2286111111111,610.7998,31.2,17.5,8.8,15,158.6,9.6,1.5,238
"PD-09",-15.2352777777778,-39.3575,128.7998,14.4,12.2,27.2,78,43.9,0,1.5,243
"PD-11",-15.6580555555556,-38.9858333333333,5,14.4,13.6,27.5,78,46.36,0,0,234
"PD-12",-15.7483333333333,-39.4672222222222,255.2002,300,158,440,1625,151.3,0,0,3260
"PD-18",-15.785,-41.8622222222222,793.6006,40.5,21.9,70.4,205,80.5,0,0,474
"PD-19",-15.6602777777778,-40.8991666666667,837,1.6615,2.5,2.3,3,17.1,0,0,39
"PD-21",-15.5088888888889,-41.0572222222222,609.5,34,24.3,50,100,134.2,0,0,420
"PD-23",-15.6986111111111,-40.2197222222222,375.9004,124,57.1,19,300,78.08,0,0,690
"PD-25",-15.4658333333333,-40.3216666666667,296.7002,14.4,11.66,25,62,56.12,0,0,190
"PD-26",-15.5763888888889,-39.8633333333333,161.7998,16.8,11.66,20,50,85.4,0,0,190
"PD-28",-15.8144444444444,-40.1413888888889,180.2002,12.8,0.97,10,15,36.6,0,0,77
"PD-29",-15.0538888888889,-40.3313888888889,292,1.665465,0.48,3.5,1,14.64,0,0,31
"PD-31",-15.8469444444444,-41.9991666666667,924.4004,21.6,13.12,41.91,57,100,0,50,350
"PD-34",-15.6866666666667,-41.66,782.7998,13.6,9.23,60,95,92.72,0,4,310
"PD-35",-15.6019444444444,-41.8530555555556,723.5,12.8,7.77,15.5,28,68.32,0,6.5,150
"PD-38",-15.2852777777778,-40.9555555555556,877.1006,12.8,11.66,56,60,97.6,0,57.5,310
"PD-39",-15.0380555555556,-41.2586111111111,844.9004,8.8,5.34,9,15,56.12,0,10.5,126
"PD-42",-15.1883333333333,-41.6219444444444,845,3.2,2.43,6.9,16,12.2,0,0,71
"PD-45",-15.5588888888889,-40.6108333333333,866.7002,0.7,2.43,1.4,1,17.08,0,0,30
"PD-46",-15.5497222222222,-41.3972222222222,686,328,315,330,1750,107.36,0,8,4043
"PD-47",-15.5169444444444,-41.5477777777778,687,10.8,11.42,23.8,78,48.8,0,0,220
"PD-51",-15.3775,-39.7277777777778,289.5,204,162.81,236,980,161.04,0,0,2180
"PD-54",-15.2827777777778,-40.1402777777778,276.6006,5.1,4,12.5,15,15.81,0,0.4,116
"PD-55",-15.57,-40.4755555555556,289,9.2,17.8,36,62.72,0,0,4.4,443
"PD-56",-14.8566666666667,-40.5769444444444,830.6006,64.23,38.19,150,200,32.22,0,22,1070
"PD-57",-15.6844444444444,-39.0022222222222,20.799805,13.48,8.2,9.5,7.8,110.44,0,4.4,201
"PD-58",-15.3680555555556,-41.2011111111111,788.7998,36.95,40.02,85.2,170,51.66,0,15.4,704
"PD-59",-15.4961111111111,-41.2266666666667,701.9004,1.42,24.4,110,110,10.27,0,22,718
"PD-60",-15.3044444444444,-41.375,824.9004,470,430,400,1100,243,0,0.4,6020
"PD-61",-15.3475,-41.3286111111111,827.7998,318,300,400,750,444.67,0,0.4,4300
"PD-62",-15.175,-41.3469444444444,806,45.36,27.03,5.8,5,280.41,0,0.4,258
"PD-63",-15.3022222222222,-40.28,301.7998,6.1,3.06,3.5,11.76,17.14,0,1.8,31
"PD-64",-15.275,-40.0577777777778,252.7002,48.69,52.72,140,170,34.64,0,44,1190
"PD-65",-15.7863888888889,-39.5138888888889,294.2002,14.75,8.3,16.8,21,62.76,0,3.1,1830
"PD-67",-15.1838888888889,-41.6063888888889,826.7998,2.1,1.4,8.7,9.8,6.6,0,1.8,45
"PD-68",-15.1111111111111,-41.0508333333333,809.7998,3.7,4.5,7.1,14.7,19.87,0,1.8,33
"PD-69",-14.9930555555556,-40.7869444444444,860.9004,97.72,47.04,100,220,116.37,0,110,1070
"PD-70",-14.8338888888889,-40.8794444444444,990,44.09,17.32,33,24,206.89,0,0.4,1370
"PD-71",-14.8636111111111,-40.7683333333333,987.7998,18.58,35.08,270,510,3.95,0,17.6,1070
"PD-72",-14.9588888888889,-40.9397222222222,822,29.48,19.05,72.49,120,0,0,0.9,534
"PD-73",-15.05,-40.9605555555556,833.1006,44.21,26.43,69.7,98,78.15,0,2.6,557
"PD-74",-14.9202777777778,-40.8286111111111,878.7998,28.03,4.4,21.22,33.32,96.3,0,0.9,180
"PD-75",-14.9202777777778,-40.7983333333333,822.7998,17.76,8,43,17.6,95.1,0,22,311
"PD-76",-14.7680555555556,-40.6988888888889,928.7002,1.9,0.9,9.5,18.4,0,6.6,72,
"PD-77",-14.8672222222222,-40.8377777777778,881.7002,1.4,0.8,9,2.9,28.07,0,0.4,128
"PD-78",-15.7341666666667,-41.4244444444445,825.7002,73.9,36.7,16.8,6,231.65,0,6.6,614
"PD-79",-15.9344444444444,-41.8333333333333,922.9004,420,270,150,580,145.72,0,22,3650
"PG-02",-12.0180555555556,-41.6652777777778,838.9004,271,32.23,67.5,430,117.12,0,14.5,1530
"PG-03",-12.2530555555556,-41.6194444444445,660.2002,52.7,26.73,7.5,30,217.16,0,3.5,348
"PG-04",-12.7105555555556,-41.8255555555556,942.4004,40.8,26.73,4,11,236.68,0,0,250
"PG-05",-12.0044444444444,-41.7383333333333,799,51.2,26.7,13.6,90,151.3,7.2,0,416
"PG-07",-12.7730555555556,-41.5338888888889,996.9004,0.4,1,1.3,3,4.9,0,0,52
"PG-08",-12.5730555555556,-41.8180555555556,861.7002,78.4,34.02,18.5,116,187.88,0,60,583
"PG-104",-12.2166666666667,-38.2166666666667,120,6.4,3.89,13.75,29,8.54,0,20.5,120
"PG-105",-12.3166666666667,-38.3666666666667,121.200195,26.4,1.45,24,46,87.84,0,0,218
"PG-106",-12.2833333333333,-38.2166666666667,108.799805,8.8,5.35,7.75,14,24.4,0,25,100
"PG-108",-12.3583333333333,-38.2333333333333,83.100586,1.6647,2.43,13.75,24,8.54,0,5.8,70
"PG-11",-12.7505555555556,-41.9452777777778,1183.6006,24.8,4.86,11,24,85.4,0,0,172
"PG-110",-12.4,-38,90,9.6,6.8,32.5,71,12.08,0,0,438
"PG-111",-12.4,-38.4666666666667,100,1.6267,1.94,10.75,17,10.98,0,0,82
"PG-112",-12.4333333333333,-38.3666666666667,106.600586,135.2,13.61,33.75,78,414.8,0,0,776
"PG-113",-12.3833333333333,-38.15,53.799805,1.6862,1.94,10.75,20,8.54,0,0,56
"PG-114",-12.4833333333333,-38.6166666666667,73.700195,13.6,15.07,67.5,12.7,34.16,328,0,0
"PG-116",-12.5333333333333,-38.7166666666667,12.900391,64,38.88,197,270,500.2,0,3.2,1000
"PG-117",-12.5333333333333,-38.5666666666667,57.90039,16,3.4,9.5,13,68.32,0,0,120
"PG-118",-12.5166666666667,-38.5,41,12,9.23,49.5,88,4.88,0,78,334
"PG-122",-12.6,-38.4,26,1.762,1.46,5.4,10,6.1,0,0,34
"PG-123",-12.6,-38.6,92.100586,60.8,9.23,31,44,68.34,0,0,362
"PG-129",-12.7,-38.3166666666667,36,48,5.58,47,98,134.2,0,0,393
"PG-131",-12.8333333333333,-38.2666666666667,21,11.2,3.4,24.25,30,70.82,0,0,188
"PG-132",-12.8666666666667,-38.4333333333333,110.799805,9.6,1.46,7,13,26.84,0,0,85
"PG-133",-12,-38.3166666666667,201.90039,3.2,5.35,32.5,59,12.2,0,0,166
"PG-134",-12.0833333333333,-38.5,179.7998,7.2,8.75,19.5,45,14.64,0,0,196
"PG-141",-12.2666666666667,-38.9333333333333,235.7998,1.6324165,3.16,30,36,46.36,0,0,0
"PG-142",-12.2644444444444,-38.9333333333333,234.2002,15.2,10.69,25.5,23,89.6,0,0,0
"PG-144",-12.2527777777778,-38.9333333333333,234.7998,4.4,2.67,25.75,21,53.68,0,0,0
"PG-145",-12.2036111111111,-38.8705555555556,203.10059,3.6,13.6,227.5,360,43.94,0,0,0
"PG-146",-12.2938888888889,-38.8402777777778,158.10059,261,311.52,210,1,211.42,292.8,0,0
"PG-152",-12.7833333333333,-38.4,27.90039,52,2.67,29,27,63.44,0,0,0
"PG-153",-12.6805555555556,-41.2138888888889,382.9004,63.6,20.7,11.2,28.4,265,0,0,0
"PG-154",-12.6416666666667,-41.1722222222222,438.7998,57.1,7.2,9.45,21.5,198,0,2,0
"PG-155",-12.475,-41.0555555555556,538.9004,158,27.6,23.9,48,515,0,0,0
"PG-156",-12.5972222222222,-41.025,558.9004,103.5,35,41.3,21.5,545,0,0.5,794
"PG-157",-12.675,-41.0138888888889,573.7002,578,67,51,24,460,247,0,11.9
"PG-158",-12.6916666666667,-41.0055555555556,599.1006,47.6,44.8,29,75.5,320,0,0,0
"PG-159",-12.7277777777778,-40.4972222222222,295.2002,87.8,60,26.5,69,464,0,0,0
"PG-16",-12.0688888888889,-41.0933333333333,520,35.2,22.35,13.5,26,200.08,0,0,215
"PG-160",-12.1527777777778,-39.2361111111111,227.90039,56.6,141,605,800,930,0,0.5,0
"PG-162",-12.6555555555556,-40.7277777777778,443.2998,305,343,335,1,143,20,0,0
"PG-163",-12.6055555555556,-40.6916666666667,499,341,34.5,233,588,149,0,0,0
"PG-164",-12.6305555555556,-40.6638888888889,356.4004,478,645,910,3,739,382,0,3.9
"PG-165",-12.6611111111111,-40.6138888888889,320.9004,466,755,775,387,79,0,220,0
"PG-167",-12.5555555555556,-39.4777777777778,213,10.5,7.1,152,255,38.4,0,17.5,0
"PG-168",-12.5305555555556,-39.4472222222222,210,4.2,10.7,193,205,20.3,0,186,0
"PG-170",-12.5111111111111,-39.0083333333333,220.2002,1.285,6,52.8,61.4,6.1,0,79,0
"PG-171",-12.625,-39.1638888888889,216,3.4,3.5,30.8,24,21,0,463,0
"PG-173",-12.9083333333333,-39.1972222222222,191.5,538,507,585,3070,253,0,0.9,0
"PG-174",-12.1583333333333,-39.1138888888889,185,77.4,90,433,542,520,0,284,0
"PG-175",-12.2666666666667,-39.1972222222222,202.7998,189,210,980,1735,906,0,10.9,0
"PG-176",-12.3083333333333,-39.0305555555556,171.2002,35.3,110,463,558,784,0,33.8,0
"PG-177",-12.6055555555556,-39.0361111111111,225,6.8,5,13.4,25,12,0,29.7,0
"PG-178",-12.625,-40.9555555555556,615.9004,5.8,5.9,49.5,82.6,31,0,10.4,208
"PG-179",-12.6416666666667,-40.9416666666667,638.7002,260,102,140,745,323,0,0,0
"PG-18",-12.5041666666667,-41.2152777777778,396.7998,14.4,8.74,6.3,25,65.85,0,0,91
"PG-180",-12.3222222222222,-39.2916666666667,231.40039,126,206,412,796,549,0,432,0
"PG-181",-12.1277777777778,-39.6972222222222,515.7998,9.3,9,101.9,93.7,116,0,7.9,0
"PG-182",-13.2611111111111,-41.0222222222222,550.9004,267,85,170,502,475,0,7.6,1607
"PG-183",-13.2833333333333,-40.9611111111111,734,109,78,128,405,182,0,124,1109
"PG-184",-13.3,-40.9611111111111,654.2998,149,92,157,518,128,0,275,1354
"PG-185",-13.0805555555556,-41.0194444444444,549.9004,529,73.8,403,48,177,0,0.5,0
"PG-186",-13.2111111111111,-41.0527777777778,445.1006,195,80,80,186,490,0,4.3,1383
"PG-187",-13.2438888888889,-41.2305555555556,927.9004,601,161,278,700,427,0,0.5,0
"PG-188",-13.2138888888889,-41.0305555555556,489,729,142,232,1125,332,0,0.5,3707.6
"PG-189",-13.2027777777778,-40.9888888888889,666.6006,185,28,32.5,146,420,0,15.3,958.5
"PG-19",-12.5936111111111,-41.1441666666667,443.9004,104,36.45,37,22,322,0,2,673
"PG-190",-13.2222222222222,-40.9361111111111,630.1006,227,36.5,74,158,357,0,0.5,1193
"PG-191",-12.275,-40.9972222222222,632.4004,73.3,46.1,55.1,80,365,0,4.5,720
"PG-192",-12.3361111111111,-40.9055555555556,640,12.6,12,129,214,53,0,1,0
"PG-193",-12.3583333333333,-40.8583333333333,527,14.7,24.3,41.5,606,159,0,0.5,1216
"PG-194",-12.875,-39.8555555555556,409,49.8,26.7,106,151,11.4,0,214,623
"PG-195",-12.7,-39.7166666666667,239.90039,60,180,995,2060,87,0,74.7,0
"PG-197",-12.7166666666667,-39.1777777777778,222.90039,28.2,19,160,278,132,0,0.2,0
"PG-199",-12.7722222222222,-39.0333333333333,226.10059,13.8,25.3,94.3,216,35.4,0,0.2,0
"PG-20",-12.8033333333333,-41.3283333333333,417,0.8,0.97,0.8,2,6.1,0,0,15
"PG-200",-12.9916666666667,-39.3777777777778,245.60059,26.1,12.3,63.8,84,58,0,107,0
"PG-201",-12.9694444444444,-39.2611111111111,214.90039,14.5,15,89.7,125,0,0,147,0
"PG-202",-12.45,-39.2333333333333,210.90039,9.7,11.6,76.3,156,26.9,0,3.8,0
"PG-203",-12.4416666666667,-39.2166666666667,227.90039,16.5,18.5,140,191,177,0,0.2,0
"PG-204",-12.8472222222222,-39.0916666666667,203.90039,6.1,1.9,6.4,9.2,25,0,10,0
"PG-205",-12.7555555555556,-39.2111111111111,208.10059,2.7,3.3,40,34,9,0,15,0
"PG-206",-12.1666666666667,-39.3666666666667,257.6006,28.4,42.6,1230,3,109,714,0,99.5
"PG-207",-12.1472222222222,-39.3138888888889,292.9004,48.4,87.2,253,432,372,0,3.2,0
"PG-208",-12.1805555555556,-39.3222222222222,286.9004,42.5,80.4,354,360,372,0,460,0
"PG-209",-12.0972222222222,-41.575,751.9004,282,217,155,758,481,0,0.5,2357
"PG-21",-12.7183333333333,-41.2658333333333,395.9004,63.2,22.35,7.4,16,285.48,0,2.5,384
"PG-210",-12.0222222222222,-40.9916666666667,647,276,221,139,1120,286,0,11.2,2104
"PG-211",-12.095678,-40.9657,640.2002,291,134,285,1162,291,0,3.3,0
"PG-212",-12.0944444444444,-40.9888888888889,614.9004,292,112,126,674,463,0,2.5,0
"PG-213",-12.775,-41.4902777777778,1264.1006,0.25,0.17,1.55,2.6,3,0,0.3,8.9
"PG-214",-12.8125,-41.8277777777778,1042.2002,2.1,0.8,4.95,7,11,0,0.3,26.7
"PG-215",-12.0055555555556,-41.0513888888889,582.7998,35.5,19.7,12.2,22,198,0,1.1,298
"PG-217",-12.1138888888889,-41.1,566.9004,59.3,19.7,15.5,37.4,238,0,0,378.3
"PG-218",-12.9472222222222,-41.0944444444444,347.7998,91,11,2.8,4.3,318,0,0.1,434
"PG-219",-12.05,-40.8180555555556,751.7998,13.2,6.8,62.5,100,73,0,0,270.8
"PG-220",-12.0125,-40.5652777777778,569.2998,1.9,1.3,17.5,23.8,16,0,0,63.9
"PG-223",-12.3069444444444,-40.4541666666667,334.7998,0.6,0.36,3.35,9.1,0,0,14.1,0
"PG-224",-12.1175,-39.7208333333333,494.6006,1.34,0.97,12.5,20.8,3,0,42.5,0
"PG-225",-12.2722222222222,-39.275,321.6006,4.7,7.1,50.5,93.1,20,0,0,0.2
"PG-226",-12.7402777777778,-39.8475,269.2002,1.47,1.15,4.8,15,14,0,0,42.7
"PG-227",-12.8625,-39.8569444444444,389,0.4,1.35,16.5,24,11,0,0.2,76
"PG-228",-12.8097222222222,-39.5027777777778,727.4004,2.2,1.6,9.5,20.5,6,0,0,0.5
"PG-229",-12.7916666666667,-39.0916666666667,222.90039,4.2,6.1,22.7,29.5,9,0,27.2,129
"PG-230",-12.7827777777778,-39.2138888888889,169,2.6,1.2,70.5,34.5,70,0,50.4,250.7
"PG-231",-12.975,-39.2541666666667,204,1.29,1.08,7.5,15.4,34.8,0,3.9,34.8
"PG-233",-12.5313888888889,-39.5113888888889,208.7002,9.8,7.8,94.5,169,30,0,9.6,349.2
"PG-234",-12.3511111111111,-39.2372222222222,166,5.5,6.5,100,99.1,11,0,146,382.4
"PG-235",-12.4683333333333,-39.5569444444444,193.7998,29.6,39.6,292,459,308,0,0.5,1169.5
"PG-236",-12.1711111111111,-40.2647222222222,314.1006,3.35,3.95,46.5,2.1,65,0,0.9,18.86
"PG-237",-12.8286111111111,-39.5472222222222,479.4004,1.65,2.06,16.5,28,19,0,0,0.2
"PG-238",-12.6844444444444,-41.8127777777778,1100.5,9,3.7,6,22.1,24.4,0,0,0.2
"PG-239",-12.9727777777778,-40.9488888888889,356.4004,6.15,2.2,2.5,6,31,0,0.1,0
"PG-24",-12.2883333333333,-41.0505555555556,589.7998,62,28.67,17,53,263.52,0,10,332
"PG-240",-12.3602777777778,-41.5113888888889,676.1006,24.1,9.6,6.5,19.4,98,0,0.5,0
"PG-241",-12.8377777777778,-41.7766666666667,1059,2.5,0.8,4.95,7,11,0,0.3,0
"PG-242",-12.2927777777778,-40.5477777777778,448.2002,493,606,980,383,270,0,0.5,0
"PG-243",-12.3247222222222,-40.3925,387.6006,68.1,80.3,208,583,196,0,0.5,0
"PG-244",-12.0630555555556,-41.0180555555556,602.1006,64.7,36.7,59.5,154,212,0,0.5,0
"PG-246",-12.7472222222222,-40.2008333333333,225.90039,6.55,2.78,2.51,5.4,29,0,0.6,0
"PG-247",-13.0177777777778,-40.8127777777778,322.9004,12.2,4.82,3.55,6.1,59,0,0.5,0
"PG-248",-12.9819444444444,-41.0819444444445,386.1006,0.85,0.4,1.4,2.9,0.2,3,0,0.2
"PG-249",-13.045,-41.0877777777778,386.9004,1.73,0.4,1.4,2.1,3,0,0.2,0
"PG-25",-12.2905555555556,-40.5080555555556,367.2002,310,413.1,562,2425,141.5,0,0,4880
"PG-250",-13,-41.4108333333333,1025.7002,0.55,0.25,1.9,4.4,3,0,0.3,0
"PG-251",-12.7880555555556,-41.2555555555556,371.2998,0.17,0.17,1.57,2,0.1,1,0,0.5
"PG-252",-12.8197222222222,-40.8308333333333,697.1006,257,181,1095,2710,68,0,0,0.5
"PG-253",-12.1261111111111,-40.3286111111111,317.9004,123,128,318,995,162,0,0,0.5
"PG-254",-12.1261111111111,-40.4655555555556,413.5,3.8,3.45,6.35,2.6,51,0,0.8,0
"PG-255",-13.3333333333333,-41.3561111111111,1090.7998,0.6,0.18,3.5,4.8,0.2,1,0,0.4
"PG-256",-12.4052777777778,-41.3836111111111,528.7998,17.8,5.5,5.35,11.9,76,0,0,0.5
"PG-257",-12.4772222222222,-41.1916666666667,454.5,12.6,6.1,7.5,13.9,66,0,0,0.5
"PG-258",-12.4675,-39.9222222222222,209,167,215,453,1570,79.7,0,0,0.5
"PG-259",-12.3333333333333,-40.1461111111111,253.2002,154,211,465,1545,66.4,0,0,0.5
"PG-260",-12.5313888888889,-40.2283333333333,248,89,120,225,869,84.5,0,1,0
"PG-261",-12.9991666666667,-40.5844444444444,273,5.7,2.25,2.3,5.8,30,0,0.1,0
"PG-263",-12.6022222222222,-39.4747222222222,146,4.35,2.65,4.65,11.9,13,0,0,0.5
"PG-264",-12.8558333333333,-40.3833333333333,255.10059,8.15,3.28,2.6,5.4,36,0,0.6,0
"PG-265",-12.3422222222222,-41.155,502.9004,20.7,11.1,9.5,19.3,112,0,0,0.5
"PG-266",-12.2522222222222,-41.1461111111111,517.2002,20.9,11.3,9.5,18.8,114,0,0,0.5
"PG-267",-12.2069444444444,-41.1369444444444,509.5,0.19,0.25,2.6,4,1,0,0,0.5
"PG-269",-12.1891666666667,-39.6666666666667,282.1006,1.5,0.97,12.5,20.8,3,0,0,0.5
"PG-270",-12.6755555555556,-40.8675,599.2002,2.6,2,46,63,31,0,1,180.8
"PG-271",-12.9188888888889,-40.1186111111111,397.1006,2.9,1.6,18.2,15,40,0,0,0.05
"PG-272",-12.1711111111111,-41.7213888888889,745,0.95,0.85,5.25,10,6,0,1.7,24.89
"PG-273",-12.3241666666667,-40.5202777777778,406.1006,11,10.1,51,107,33.2,0,0.5,237.3
"PG-28",-12.3513888888889,-40.9013888888889,626.9004,161,82.6,105,580,170.8,0,0,1480
"PG-29",-12.0652777777778,-40.9725,597.7998,152,77.8,110.5,490,287.9,0,0,1180
"PG-30",-12.045,-40.8072222222222,656,14.4,8.7,48,94,58.6,0,3,237
"PG-31",-12.2252777777778,-40.7822222222222,593.7002,272,104.4,70.4,720,263.5,0,0,2040
"PG-32",-12.7238888888889,-40.5766666666667,300,360,680.4,1166,4100,231.8,0,5,8400
"PG-33",-12.9122222222222,-40.6988888888889,332.1006,400,461.7,595,2900,209.8,0,0,6100
"PG-34",-12.3244444444444,-40.7202777777778,447,440,473.4,702,2925,165.9,0,0,5860
"PG-35",-12.6466666666667,-40.9325,586.7998,146,99.63,78,500,122,0,16.5,1160
"PG-40",-12.9638888888889,-40.4769444444444,348.7998,480,534,734,3300,183,0,0,7124
"PG-41",-12.5291666666667,-40.3163888888889,260.5,140,196.26,340,1250,170.8,0,10,2713
"PG-42",-12.5313888888889,-40.0802777777778,222.10059,56.5,80.19,116,450,122,0,2,940
"PG-43",-12.8197222222222,-39.9175,388.7998,72,38.88,22.4,190,156.16,0,0,520
"PG-44",-12.5877777777778,-39.5205555555556,145.60059,14.4,8.74,15.2,56,29.28,0,2,135
"PG-45",-12.3197222222222,-39.695,257,188,262.44,400,1575,244,0,0,3348
"PG-46",-12.3558333333333,-40.0413888888889,219.7998,180,187,340,1325,170.8,0,0,2709
"PG-47",-12.2680555555556,-39.8463888888889,220.7998,208,347.49,500,1800,280.6,0,0,3946
"PG-48",-12.1058333333333,-39.8477777777778,260.7998,61,65.61,300,380,549,0,0,1549
"PG-49",-12.1786111111111,-40.4025,314.4004,128,123.93,247,900,134.2,0,0,1832
"PG-50",-12.0338888888889,-39.6913888888889,282.1006,92,607.5,920,3800,280.6,0,0,7169
"PG-51",-12.3525,-40.4127777777778,335.4004,392,478.71,375,2200,146.4,0,0,4280
"PG-52",-12.1847222222222,-39.4938888888889,221,460,546.75,950,3550,280.6,0,0,6317
"PG-54",-12.0947222222222,-40.2133333333333,304,450,486,565,2750,229.4,0,4,5600
"PG-62",-13.1847222222222,-40.9555555555556,546.9004,120,102.1,54,430,226.9,0,8.5,943
"PG-65",-13.1086111111111,-40.4025,326,976,108,5,39,0,0,8,205
"PG-68",-12.7072222222222,-38.4536111111111,64.299805,6.6,4.37,8,20,24.4,0,2,72
"PG-70",-12.3513888888889,-38.9444444444444,224.7002,44,1.21,210,130,370.8,0,0,850
"PG-72",-12.3016666666667,-38.6394444444444,113.40039,17.6,13.6,21.5,63,73.2,0,8.5,190
"PG-73",-12.2027777777778,-38.8658333333333,235.90039,8,14.58,126,140,73.2,0,140,590
"PG-75",-12.5013888888889,-38.4930555555556,48,22,9.72,37,30,146.4,0,0,260
"PG-76",-12.4255555555556,-38.3411111111111,105.200195,10.4,13.12,40,100,34.16,0,2.5,257
"PG-77",-12.6463888888889,-38.0633333333333,7.9003906,34,9.72,20.5,49,73.2,0,0,230
"PG-78",-12.7658333333333,-38.1769444444444,4.2001953,16,6.07,37.5,45,48.8,0,12.5,220
"PG-79",-12.6780555555556,-39.2419444444444,234.10059,56,68,268.4,500,317.2,0,0,1233
"PG-80",-12.9122222222222,-39.3641666666667,206.90039,36,29.2,95,145,266,0,1.5,547
"PG-82",-12.9325,-38.6255555555556,23,25.6,17.98,14.4,22,158.6,0,0,235
"PG-83",-13.0633333333333,-38.7883333333333,7.9003906,27.2,12.63,5,10,145.4,0,0,140
"PG-84",-12.8355555555556,-39.1036111111111,144.7998,36,41.31,119,160,290.36,14.38,0,722
"PG-87",-13.1147222222222,-38.9027777777778,7.9003906,1.6,1.94,1.6,7,7.32,0,0,20.76
"PG-89",-12.4819444444444,-39.2163888888889,168.7002,8.8,12.15,45.6,146,19.52,0,22,386
"PG-90",-12.1869444444444,-39.3452777777778,242.7998,65,80,205,350,336.72,0,172.5,1164
"PG-91",-12.125,-39.1080555555556,158.5,210,499.36,775,2750,126.88,0,1.5,5057
"PG-92",-12.9541666666667,-38.3563888888889,12.900391,28,3.9,16.6,35,85.4,0,12,190
"PG-93",-12.9875,-38.3563888888889,0,46,17.5,18.3,68,175.7,0,0,324
"PG-99",-12.2,-38.5,233,2,6.32,26.5,46,7.32,0,44.5,207
