Nitrogênio Foliar (g/kg),Fósforo(P) (mg/dm³),Potássio(K) (cmol c/dm³),Boro(B) (mg/dm³),Cálcio(Ca) (cmol c/dm³),Magnésio(Mg) (cmol c/dm³),Alumínio(Al) (cmol c/dm³),Sódio(Na) (cmol c/dm³),H+Al (cmol c/dm³),Zinco(Zn) (mg/dm³),Cobre(Cu) (mg/dm³),Manganês(Mn) (mg/dm³),PRNT do calcário
20.06,20.85,20.77,20.72,20.47,20.37,20.96,20.29,20.42,20.32,20.58,20.52,20.41
40.42,40.98,40.14,40.14,40.46,40.06,40.02,40.56,40.37,40.22,40.1,40.71,40.34
60.55,60.96,60.93,60.65,60.1,60.35,60.92,60.81,60.54,60.37,60.13,60.37,60.89
80.03,80.88,80.42,80.75,80.06,80.18,80.9,80.25,80.08,80.78,80.28,80.21,80.3
100.6,100.86,100.12,100.1,100.23,100.95,100.11,100.76,100.47,100.85,100.92,100.43,100.09
20.58,20.38,20.92,20.47,20.47,20.94,20.58,20.41,20.42,20.94,20.49,20.15,20.7
40.4,40.27,40.37,40.95,40.74,40.42,41.0,40.86,40.7,40.81,40.08,40.58,40.35
60.34,60.98,60.23,60.36,60.28,60.84,60.01,60.77,60.85,60.75,60.2,60.92,60.49
80.78,80.85,80.26,80.89,80.32,80.2,80.08,80.2,80.05,80.19,80.34,80.28,80.77
100.69,100.11,100.84,100.64,100.27,100.21,100.09,100.73,100.02,100.36,100.36,100.93,100.93
20.07,20.94,20.86,20.48,20.94,20.78,20.7,20.8,20.81,20.83,20.68,20.98,20.39
40.47,40.41,40.28,40.91,40.58,40.62,40.93,40.54,40.87,40.07,40.69,40.55,40.62
60.48,60.13,60.22,60.23,60.12,60.78,60.93,60.3,60.15,60.45,60.55,60.92,60.93
80.54,80.95,80.74,80.28,80.18,80.08,80.63,80.46,80.89,80.63,80.9,80.59,80.54
100.44,100.13,100.84,100.34,100.23,100.46,100.81,100.96,100.03,100.87,100.67,100.59,100.97
20.41,20.04,20.64,20.42,20.47,20.44,20.2,20.59,20.34,20.42,20.19,20.61,20.69
40.79,40.68,40.59,40.42,40.53,40.57,40.57,40.07,40.03,40.65,40.33,40.76,40.11
60.99,60.01,60.25,60.28,60.34,60.03,60.32,60.84,60.42,60.22,60.81,60.06,60.38
80.89,80.63,80.27,80.21,80.78,80.42,80.36,80.95,80.41,80.45,80.32,80.77,80.73
100.88,100.95,100.88,100.56,100.31,100.39,100.6,100.44,100.53,100.86,100.31,100.48,100.83
20.55,20.94,20.85,20.52,20.09,20.93,20.79,20.03,20.86,20.92,20.84,20.16,20.98
40.65,40.27,40.6,40.13,40.47,40.87,40.96,40.15,40.64,40.16,40.64,40.18,40.81
60.36,60.38,60.04,60.92,60.02,61.0,60.72,60.77,60.47,60.19,60.33,60.37,60.22
80.89,80.92,80.9,80.41,80.28,80.31,80.43,80.61,80.6,80.87,80.31,80.45,80.23
100.91,100.63,100.74,100.96,100.03,100.55,100.02,100.44,100.85,100.97,100.77,100.74,100.98
20.22,21.0,20.57,20.28,20.02,20.53,20.7,20.2,20.5,20.4,20.66,20.52,20.39
40.59,40.97,40.39,40.75,40.26,40.76,40.73,40.02,40.07,40.47,40.21,40.3,40.25
60.37,60.3,60.73,60.35,60.59,60.33,60.04,60.67,60.47,60.21,60.34,60.82,60.51
80.1,80.62,80.34,80.52,80.18,80.05,80.51,80.56,80.56,80.28,80.91,80.43,80.82
100.48,100.22,100.46,100.54,100.35,100.64,100.9,100.73,100.7,100.95,100.69,100.85,100.3
20.99,20.95,20.15,20.06,20.29,20.06,20.2,20.43,20.62,20.15,20.45,20.24,20.41
40.39,40.58,40.25,40.15,40.25,40.82,40.25,40.78,40.19,40.5,40.45,40.1,40.2
60.68,60.95,60.63,60.4,60.12,60.83,60.72,60.99,60.1,60.84,60.62,60.32,60.26
80.48,80.19,80.2,80.75,80.14,80.51,80.9,80.1,80.27,80.92,80.34,80.31,80.54
100.97,100.14,100.11,100.17,100.35,100.9,100.58,100.44,100.84,100.36,100.27,100.58,100.62
20.66,20.26,20.35,20.94,20.81,20.17,20.81,20.44,20.64,20.61,20.27,20.16,20.66
40.42,40.25,40.01,40.81,40.34,40.62,40.84,40.6,40.8,40.45,40.65,40.51,40.78
60.06,60.46,60.38,60.11,60.45,60.71,60.95,60.87,60.06,60.42,60.98,60.73,60.95
80.44,80.55,80.99,80.22,80.59,80.37,80.44,80.01,80.88,80.62,80.1,80.86,80.35
100.71,100.29,100.92,100.53,100.52,100.22,100.02,100.39,100.76,100.56,100.73,100.02,100.67
20.11,20.46,20.22,20.32,20.75,20.76,20.76,20.17,20.22,20.58,20.98,20.61,20.88
40.84,40.85,40.71,40.2,40.94,40.87,40.6,40.42,40.24,40.85,40.18,40.73,40.75
60.31,60.14,60.74,60.49,60.18,60.01,60.46,60.7,60.65,60.07,60.26,60.23,60.83
80.81,80.05,80.43,80.9,80.89,80.31,80.87,80.65,80.2,80.5,80.02,80.58,80.71
100.78,100.46,100.25,100.74,100.84,100.66,100.18,100.97,100.47,100.76,100.78,100.33,100.91
20.85,20.19,20.81,20.73,20.89,20.61,20.86,20.51,20.39,20.6,20.29,20.47,20.29
40.71,40.72,40.63,40.7,40.04,40.66,40.58,41.0,40.9,40.77,40.22,40.77,40.5
60.49,60.16,60.69,60.78,60.05,60.06,60.04,60.34,60.86,60.22,60.33,60.68,60.3
80.69,80.85,80.89,80.55,80.57,80.58,80.57,80.93,80.39,80.18,80.4,80.98,80.68
100.24,100.99,100.54,100.39,100.28,100.85,100.57,100.86,100.59,100.39,100.73,100.48,100.78
20.78,20.2,20.49,20.62,20.98,20.47,20.42,20.63,20.76,20.68,20.54,20.7,20.87
40.72,40.92,40.93,40.46,40.72,40.29,40.14,40.86,40.72,40.41,41.0,40.12,40.09
60.4,60.25,60.93,60.58,60.82,60.1,60.16,60.47,60.47,60.16,60.36,60.6,60.79
80.04,80.28,80.4,80.74,80.8,80.34,80.62,80.45,81.0,80.54,80.19,80.91,80.02
100.33,100.19,100.99,100.17,100.87,100.06,100.7,100.66,100.31,100.81,100.58,100.33,100.96
20.73,20.52,20.6,20.03,20.4,20.38,20.06,20.41,20.5,20.69,20.43,20.39,20.76
40.34,40.02,40.35,40.26,40.27,40.42,40.78,40.23,40.86,40.65,40.91,40.06,40.81
60.84,60.83,60.95,60.2,60.9,60.6,60.49,60.75,60.85,60.01,60.82,60.52,60.11
80.73,80.02,80.06,80.22,80.67,80.4,80.52,80.75,80.04,80.07,80.74,80.7,80.81
100.14,100.1,100.57,100.92,100.57,100.79,100.53,100.82,100.58,100.84,100.34,100.64,100.08
20.72,20.19,20.18,20.94,20.54,20.88,20.21,20.82,20.63,20.32,20.93,20.35,20.14
40.26,40.2,40.23,40.68,40.87,41.0,40.23,40.96,40.45,40.22,40.42,40.71,40.41
60.79,60.51,60.63,60.42,60.94,60.63,60.77,60.54,60.94,60.57,60.24,60.57,60.6
80.02,80.62,80.68,80.29,80.54,80.15,80.23,80.8,80.54,80.77,80.99,80.23,80.51
100.57,100.03,100.17,100.49,100.47,100.58,100.14,100.3,100.68,100.72,100.01,100.39,100.12
20.67,20.44,20.04,20.14,20.69,20.66,20.16,20.47,20.56,20.62,20.85,20.01,20.3
40.7,40.22,40.99,40.38,40.78,40.95,40.4,40.12,40.8,40.06,40.13,40.93,40.95
60.76,60.03,60.97,60.54,60.66,60.44,60.42,60.45,60.75,60.03,60.96,60.97,60.08
80.74,80.01,80.89,80.41,80.23,80.12,80.5,80.03,80.11,80.4,80.39,80.35,80.34
100.84,100.19,100.26,100.51,100.96,100.91,100.54,100.01,100.75,100.17,100.33,100.29,100.36
20.35,20.44,20.43,21.0,20.03,20.75,20.6,20.28,20.12,20.35,20.91,20.95,20.87
41.0,40.25,40.66,40.52,40.18,40.17,40.26,40.43,40.69,40.51,40.97,40.7,40.46
60.72,60.86,60.78,60.47,60.98,60.6,60.31,60.07,60.12,60.29,60.41,60.33,60.48
80.76,80.21,80.44,80.77,80.31,80.91,81.0,80.84,80.27,80.58,80.53,80.05,80.09
100.78,100.11,100.02,100.86,100.34,100.02,100.36,100.8,100.32,100.9,100.65,100.05,100.63
20.49,20.29,20.9,20.89,20.92,20.68,20.56,21.0,20.92,20.32,20.34,20.97,20.15
40.49,40.14,40.34,40.82,40.6,40.77,40.52,40.08,40.22,40.01,40.5,40.14,40.97
60.88,60.65,60.3,60.91,60.68,60.99,60.15,60.75,60.34,60.94,60.4,60.18,60.44
80.33,80.76,80.14,80.7,80.89,80.06,80.1,80.18,80.33,80.94,80.45,80.68,80.81
100.5,100.83,100.92,100.18,100.94,100.23,100.66,100.83,100.72,100.2,100.75,100.94,100.22
20.17,20.02,20.72,20.55,20.94,20.17,20.36,20.58,20.33,20.65,20.63,20.16,20.26
40.55,40.27,40.43,40.78,40.77,40.6,40.21,40.63,40.76,40.89,40.86,40.34,40.74
60.89,60.45,60.87,60.86,60.01,60.23,60.92,60.68,60.79,60.56,60.66,60.89,60.36
80.84,80.3,80.78,80.83,80.5,80.48,80.77,80.46,80.72,80.37,80.87,80.45,80.08
100.67,100.45,100.99,100.28,100.26,100.84,100.58,100.47,100.85,100.83,100.42,101.0,100.47
20.85,20.04,20.99,20.65,20.89,20.38,20.57,20.67,20.29,20.84,20.86,20.93,20.41
40.44,40.18,40.99,40.76,40.15,40.94,40.21,40.36,40.65,40.5,40.76,40.44,40.16
60.64,60.95,60.92,60.08,60.86,60.99,60.58,60.02,60.89,60.71,60.05,60.63,60.93
80.69,80.03,80.7,80.76,80.34,80.09,80.83,80.06,80.99,80.29,80.5,80.88,80.98
100.55,100.03,100.85,100.02,100.6,100.7,100.59,100.48,100.1,100.59,100.98,100.9,100.35
20.6,20.96,20.23,20.41,20.97,20.3,20.85,20.41,20.34,20.58,20.47,20.37,20.24
40.01,40.93,40.56,40.26,40.53,40.32,40.34,40.1,40.72,40.92,40.99,40.95,40.61
60.01,60.67,60.39,60.56,60.3,60.25,60.34,60.14,60.36,60.22,60.04,60.47,60.14
80.44,80.08,80.43,80.42,80.08,80.42,80.92,80.78,80.09,80.94,80.64,80.41,80.88
100.78,100.09,100.73,100.42,100.63,100.45,100.45,100.88,100.59,100.61,100.98,100.9,100.72
20.25,20.38,20.47,20.89,20.45,20.7,20.7,20.26,20.57,20.61,20.98,20.2,20.94
40.95,40.36,40.24,40.11,41.0,40.69,40.15,40.54,40.27,40.65,40.87,40.4,40.74
60.14,60.42,60.37,60.99,60.57,60.28,60.06,60.64,60.08,60.68,60.03,60.73,60.01
80.85,80.26,80.85,80.47,80.87,80.69,80.72,80.23,80.1,80.48,80.68,80.09,80.5
100.18,100.96,100.02,100.25,100.24,100.82,100.68,100.87,100.4,100.96,100.88,100.93,100.05
20.99,20.56,20.34,20.09,20.18,20.58,20.58,20.82,20.48,20.26,20.69,20.03,20.53
40.8,40.44,40.01,40.11,40.37,40.63,40.89,40.68,40.99,40.7,40.85,40.14,40.22
60.33,60.89,60.08,60.3,60.06,60.1,60.84,60.76,60.94,60.83,60.95,60.17,60.37
80.94,80.93,80.82,80.5,80.29,80.65,80.48,80.42,80.09,80.56,80.77,80.9,80.48
100.63,100.38,100.03,100.18,100.93,100.85,100.06,100.18,100.43,100.66,100.75,100.76,100.7
20.71,20.3,20.92,20.12,20.24,20.1,20.17,20.13,20.51,20.1,20.08,20.42,20.42
40.98,40.89,40.07,40.47,40.2,40.7,40.6,40.32,40.9,40.54,40.79,40.11,40.01
60.44,60.1,60.08,60.33,60.54,60.91,60.43,60.03,60.68,60.25,60.81,60.37,60.94
80.43,80.94,80.8,80.6,80.81,80.25,80.83,80.77,80.98,80.24,80.56,80.98,80.95
100.02,100.42,100.94,100.64,100.27,100.49,100.94,100.36,100.98,100.33,100.72,101.0,100.25
20.32,20.45,20.86,20.74,20.44,20.87,20.72,20.81,20.75,20.19,20.1,20.42,20.56
40.38,40.1,40.76,40.84,40.19,40.42,40.04,40.62,40.62,40.5,40.33,40.7,40.81
60.18,60.7,60.07,60.66,60.49,60.13,60.73,60.65,60.37,60.05,60.55,60.78,60.31
80.22,80.23,80.74,80.97,80.34,80.56,80.42,80.09,80.53,80.71,80.16,80.2,80.33
100.86,100.94,100.11,100.27,100.98,100.74,100.19,100.99,100.91,100.1,100.71,100.7,100.91
20.23,20.88,20.86,20.43,20.19,20.61,20.01,20.57,20.64,20.12,20.37,20.73,20.91
40.06,40.95,40.62,40.3,40.93,40.01,40.55,40.32,40.43,40.3,40.6,40.54,40.99
60.72,60.92,60.26,60.44,60.39,60.57,60.79,60.69,60.78,60.45,60.18,60.55,60.53
80.61,80.86,80.34,80.32,80.01,80.08,80.93,80.26,80.45,80.82,80.75,80.52,80.36
100.21,100.67,100.84,100.88,100.79,100.27,100.75,100.23,100.76,100.24,100.88,100.81,100.72
20.33,20.63,20.51,20.32,20.36,20.09,20.79,20.54,20.29,20.77,20.35,20.94,20.81
40.03,40.58,40.45,40.51,40.47,41.0,40.56,40.5,40.8,40.57,40.09,40.98,40.28
60.25,60.51,60.18,60.01,60.56,60.24,60.58,60.81,60.83,60.23,60.46,60.96,60.66
80.05,80.64,80.91,80.93,81.0,80.97,80.32,80.09,80.29,80.08,80.78,80.69,80.51
100.65,100.65,100.92,100.02,100.03,100.48,100.98,100.31,100.24,100.55,100.96,100.26,100.33
20.6,20.82,20.65,20.66,20.79,20.05,20.13,20.8,20.5,20.35,20.27,20.01,20.15
40.48,40.55,40.75,40.55,40.82,40.67,40.03,40.67,40.89,40.72,40.75,40.47,40.46
60.03,60.27,60.71,60.95,60.29,60.66,60.19,60.27,60.61,60.57,60.08,60.16,60.5
80.02,80.17,80.6,80.81,80.37,80.45,80.58,80.95,80.56,80.94,80.93,80.97,80.26
100.41,100.39,100.06,100.6,100.43,100.96,100.66,100.84,100.1,100.81,100.64,100.2,100.95
20.16,20.59,20.66,20.94,20.15,20.6,20.28,20.63,20.66,20.13,20.74,20.2,20.8
40.5,40.43,40.29,40.67,40.19,40.52,40.11,40.34,40.26,40.7,40.86,40.41,40.84
60.17,60.53,60.37,60.73,60.82,60.4,60.73,60.25,60.93,60.3,60.28,60.63,60.73
80.42,80.37,80.38,80.74,80.41,81.0,80.4,80.69,80.21,80.02,80.11,80.97,80.58
100.45,100.31,100.29,100.26,100.06,100.91,100.07,100.4,100.17,100.64,100.26,100.9,100.37
20.68,20.42,20.96,20.18,20.28,20.69,20.34,20.7,20.94,20.77,20.05,20.64,20.77
40.79,40.92,40.71,40.99,40.49,40.56,40.43,40.74,40.52,40.76,40.02,40.55,40.49
60.7,60.41,60.12,60.34,60.41,60.23,60.23,60.45,60.59,60.69,60.78,60.87,60.55
80.52,80.65,80.61,80.45,80.52,80.4,80.26,80.86,80.66,80.34,80.4,80.1,80.95
100.76,100.98,100.43,100.25,100.64,100.16,100.11,100.1,100.04,100.66,100.73,100.23,100.66
20.86,20.34,20.38,20.05,20.37,20.19,20.04,20.82,20.55,20.51,20.79,20.88,20.94
40.67,40.32,40.34,40.39,40.74,40.34,40.38,40.27,40.45,40.92,40.82,40.62,40.45
60.37,60.09,60.44,61.0,60.66,60.27,60.37,60.36,60.06,60.66,60.81,60.72,60.81
80.16,80.37,80.43,80.54,80.89,80.63,80.93,80.08,80.16,80.19,80.32,80.77,80.52
100.32,100.66,100.02,100.94,100.57,100.68,100.24,100.89,101.0,100.53,100.2,100.75,100.23
20.77,20.64,20.38,20.19,20.72,20.24,20.43,20.98,20.23,21.0,20.04,20.61,20.6
40.32,40.63,40.16,40.46,40.31,40.08,40.63,40.03,40.36,40.79,40.07,40.36,40.51
60.6,60.84,60.51,60.38,60.93,60.14,60.6,60.96,60.25,60.09,60.34,60.63,60.86
80.36,80.17,80.9,80.41,81.0,80.28,80.94,80.49,80.1,80.41,80.32,80.49,80.02
100.4,100.6,100.58,100.68,100.2,100.74,100.1,100.41,100.8,100.62,100.88,100.45,100.86
20.52,20.35,20.07,20.14,20.9,20.06,20.88,20.98,21.0,20.32,20.64,20.79,20.54
40.36,40.54,40.32,40.7,40.58,40.57,40.81,40.97,40.05,40.89,40.21,40.93,40.13
60.31,60.26,60.6,60.48,60.79,60.99,60.04,60.18,60.02,60.21,60.88,60.88,60.21
80.87,80.91,81.0,80.6,80.72,80.71,80.21,80.07,80.06,80.62,80.66,80.54,80.8
100.2,100.66,100.29,100.05,100.7,100.28,100.28,100.44,100.1,100.02,100.67,100.55,100.62
20.37,20.45,20.59,20.77,20.28,20.41,20.91,20.29,20.81,20.21,20.64,20.15,20.22
40.96,40.81,40.25,40.99,40.53,40.68,40.5,40.65,40.35,40.54,40.63,40.79,40.98
60.61,60.82,60.89,60.34,60.16,60.07,60.73,60.56,60.59,60.81,60.29,60.57,60.38
80.24,80.88,80.65,80.44,80.75,80.35,80.35,80.12,80.68,80.91,80.67,80.93,80.36
100.26,100.8,100.39,100.51,100.46,100.7,101.0,100.71,100.5,100.12,100.61,100.79,100.78
20.4,20.43,20.07,20.6,20.96,20.45,20.72,20.84,20.9,20.61,20.42,20.06,20.61
40.71,40.89,40.97,40.33,40.67,40.52,40.63,40.33,40.37,40.73,40.07,41.0,40.31
60.66,60.93,60.4,60.7,60.73,60.61,60.75,60.46,60.04,60.66,60.71,60.08,60.14
80.07,80.39,80.07,80.88,80.26,80.91,80.74,80.05,80.13,80.88,80.74,80.19,80.96
100.95,100.55,100.51,100.56,100.51,100.66,100.5,100.72,100.17,100.25,100.27,100.08,100.54
20.2,20.3,20.66,20.07,20.18,20.47,20.34,20.15,20.6,20.18,20.53,20.99,20.78
40.67,40.09,40.26,40.59,40.36,40.79,40.04,40.12,40.27,40.21,40.89,40.64,40.26
60.72,60.91,60.55,60.32,60.84,60.17,60.47,60.73,60.42,60.43,60.97,60.57,60.54
80.28,80.42,80.02,80.9,80.5,80.56,80.74,80.06,80.49,80.19,80.44,80.24,80.55
100.69,100.47,100.34,100.85,100.38,100.56,100.11,100.29,100.96,100.2,100.96,100.88,100.95
20.5,20.05,20.3,20.69,20.1,20.72,20.8,20.27,20.24,20.56,20.57,20.03,20.62
40.18,40.17,40.57,40.02,40.25,40.86,40.95,40.73,40.97,40.37,40.39,40.27,40.84
60.97,60.46,60.09,60.55,60.76,60.95,60.04,60.37,60.94,60.75,60.1,60.79,60.79
80.87,80.04,80.66,80.73,80.32,80.44,80.59,80.73,80.21,80.57,80.95,80.35,80.93
100.73,100.45,100.99,100.05,100.3,100.38,100.77,100.84,100.25,100.93,100.39,100.17,100.65
20.9,20.09,20.62,20.56,21.0,20.21,20.4,20.53,20.23,20.7,20.26,20.56,20.97
40.29,40.2,40.62,40.2,40.55,40.28,40.51,40.59,40.43,40.59,40.21,40.13,40.62
60.99,60.38,60.72,60.49,60.05,60.51,60.46,60.64,60.07,60.63,60.47,60.88,60.97
80.14,80.22,80.72,80.03,80.88,80.52,80.87,80.55,80.38,80.25,80.98,80.71,80.56
100.52,100.17,100.74,100.23,100.9,100.15,100.84,100.91,100.07,100.11,100.03,100.21,100.22
20.65,20.47,20.38,20.14,20.62,20.83,20.37,20.13,20.92,20.67,20.97,20.65,20.24
40.78,40.28,40.59,40.54,40.98,40.08,40.23,40.44,40.88,40.66,40.62,40.93,40.9
60.75,60.19,60.23,60.79,60.57,60.19,60.91,60.62,60.64,60.94,60.38,60.29,60.15
80.72,80.91,80.38,80.8,80.7,80.42,80.13,80.26,80.42,80.11,80.05,80.42,80.19
100.3,100.52,100.98,100.25,100.76,100.81,100.05,100.11,100.61,100.69,100.81,100.48,100.74
20.77,20.23,20.32,20.61,20.5,20.49,20.57,20.4,20.33,20.18,20.3,20.73,20.11
40.07,40.92,40.06,40.05,40.27,40.51,40.26,40.97,40.47,40.51,40.61,40.4,40.56
60.1,60.71,60.44,60.59,60.22,60.89,60.89,60.13,60.66,60.36,60.69,60.1,60.74
80.19,80.63,80.27,80.11,80.02,80.79,80.8,80.83,81.0,80.91,80.05,80.77,80.2
100.24,100.99,100.5,100.97,100.56,100.43,100.56,100.89,100.7,100.79,100.4,100.46,100.96
20.41,20.4,20.57,20.77,20.15,20.82,20.47,20.26,20.9,20.62,20.66,20.59,20.89
40.78,40.07,40.66,40.13,40.65,40.27,40.24,40.29,40.41,40.05,40.63,40.79,40.47
60.57,60.86,60.32,60.6,60.05,60.44,60.29,60.43,60.81,60.8,60.17,60.43,60.23
80.38,80.8,80.1,80.43,80.23,80.48,80.5,80.73,80.35,80.45,80.74,80.09,80.81
100.06,100.87,100.45,100.06,100.52,100.89,100.05,100.88,100.79,100.54,100.32,100.44,100.97
20.89,20.36,20.65,20.6,20.62,20.05,20.47,20.47,20.01,20.33,20.04,20.46,20.79
40.33,40.5,40.99,40.28,40.18,40.71,40.27,40.12,40.83,40.82,40.32,40.13,40.04
60.22,60.06,60.25,60.23,60.95,60.91,60.68,60.43,60.94,60.42,60.72,60.12,60.74
80.34,80.89,80.08,80.81,80.87,80.68,80.93,80.17,80.94,80.51,81.0,80.7,80.64
100.32,100.48,100.41,100.13,100.32,100.82,100.33,100.82,100.52,100.67,100.42,100.61,100.67
20.61,20.69,20.6,20.06,20.78,20.07,20.53,20.41,20.93,20.17,20.62,20.57,20.19
40.66,40.72,40.57,40.38,40.73,40.13,40.98,40.68,40.6,40.49,40.06,40.34,40.77
60.8,60.34,60.39,60.71,60.51,60.52,60.07,60.82,60.83,60.36,60.64,60.33,60.17
80.45,80.32,80.61,80.62,80.07,80.78,80.99,80.47,80.77,80.72,80.82,80.76,80.9
100.66,100.38,100.56,100.42,100.86,100.48,100.95,100.54,100.82,100.25,100.84,100.62,100.18
20.07,20.01,20.44,20.36,20.42,20.35,20.75,20.79,20.03,20.31,20.6,20.47,21.0
40.04,40.68,40.38,40.24,40.22,40.72,40.96,40.54,40.26,40.1,40.83,40.81,40.52
60.68,60.47,60.02,60.39,60.4,61.0,60.54,60.69,61.0,60.73,60.24,60.24,60.62
80.57,80.11,80.21,80.39,80.61,81.0,80.04,80.69,80.88,80.08,80.29,80.66,80.31
100.77,100.48,100.46,100.72,100.08,100.88,100.91,100.61,100.79,100.83,100.2,100.56,100.25
20.37,20.01,21.0,20.43,20.33,20.82,20.72,20.9,20.41,20.28,20.53,20.77,20.52
40.18,40.35,40.12,40.82,40.53,40.09,40.29,40.71,40.58,40.77,40.99,40.03,40.22
60.95,60.47,60.25,60.17,60.49,60.45,60.3,60.44,60.66,60.02,60.89,60.16,60.05
80.66,80.63,80.65,80.96,80.73,80.45,80.93,80.43,80.32,80.66,80.5,81.0,80.48
100.72,100.4,100.91,100.06,100.56,100.1,100.57,100.23,100.32,100.63,100.24,100.59,100.3
20.81,20.49,20.89,20.46,20.57,20.79,20.16,20.6,20.68,20.19,20.34,20.51,20.34
40.61,40.54,40.29,40.66,40.54,40.01,40.5,40.61,40.04,40.68,40.63,40.6,40.29
60.91,60.51,60.89,60.9,60.29,60.89,60.3,60.28,60.6,60.31,60.57,60.41,60.99
80.22,80.22,80.13,80.86,80.32,80.84,80.17,80.37,80.84,80.63,80.85,80.25,80.01
100.27,100.51,100.33,100.87,100.66,100.34,100.37,100.44,100.43,100.14,100.31,100.55,100.25
20.89,20.64,20.01,20.26,20.04,20.65,20.49,20.48,20.58,20.07,20.48,20.42,20.26
40.05,40.4,40.23,40.91,40.49,40.63,40.65,40.14,40.41,40.07,40.28,40.62,40.55
60.42,60.03,60.42,60.93,60.6,60.73,60.93,60.24,60.48,60.33,60.08,60.59,60.5
80.59,80.89,80.48,80.63,80.19,80.25,80.75,80.85,80.04,80.1,80.8,80.44,80.91
100.26,100.9,100.71,100.67,100.4,100.29,100.47,100.36,100.68,100.91,100.58,100.59,100.26
20.82,21.0,20.19,20.18,20.23,20.43,20.06,20.53,21.0,20.64,20.26,20.11,20.48
40.48,40.42,40.78,40.01,40.52,40.65,40.23,40.64,40.14,40.27,40.6,40.98,40.3
60.74,60.91,60.35,60.49,60.11,60.65,60.86,60.82,60.24,60.97,60.82,60.32,60.34
80.49,80.51,80.27,80.83,80.21,80.9,80.01,80.35,80.42,80.08,80.99,80.31,80.9
100.57,100.78,100.08,100.32,100.4,100.21,100.87,100.23,100.98,100.56,100.12,100.7,100.21
20.28,20.09,20.89,20.63,20.96,20.21,20.68,20.34,20.43,20.34,20.59,20.08,20.39
40.06,40.55,40.2,40.47,40.61,40.81,40.28,40.01,40.17,40.83,40.57,40.77,40.27
60.8,60.08,60.76,60.5,60.55,60.65,60.94,60.85,60.72,60.64,60.51,60.12,60.13
80.77,80.89,80.4,80.42,80.3,80.73,80.3,80.9,80.17,80.28,80.47,80.45,80.38
100.71,100.22,100.9,100.99,100.25,100.58,100.14,100.45,100.6,100.86,100.85,100.7,100.58
20.34,20.15,20.54,20.82,20.45,20.5,20.63,20.39,20.12,20.89,20.13,20.17,20.26
40.06,40.41,40.13,40.14,40.47,40.12,40.05,40.79,40.43,40.53,40.12,40.65,40.34
60.04,60.73,60.69,60.29,60.39,60.61,60.43,60.85,60.52,60.06,60.51,60.32,60.04
80.69,80.94,80.82,80.2,80.83,80.22,80.21,80.72,80.88,80.79,80.52,80.87,80.24
100.53,100.35,100.46,100.13,100.84,100.64,100.33,100.83,100.42,100.08,100.34,100.83,100.91
20.19,20.15,20.19,20.47,20.01,20.25,20.91,20.42,20.73,20.86,20.95,20.54,20.83
40.3,40.63,40.23,40.84,40.46,40.54,40.62,40.46,40.74,40.08,40.45,40.11,40.3
60.68,60.92,60.73,60.36,60.05,60.05,60.24,60.04,60.14,60.87,60.57,60.68,60.76
80.41,80.4,80.47,80.87,80.7,80.97,80.49,80.89,80.98,80.15,80.46,80.33,80.69
100.95,100.82,100.29,100.36,100.68,100.23,100.22,100.97,100.16,100.37,100.91,100.73,100.12
20.93,20.16,20.72,20.34,20.71,20.12,20.79,20.27,20.51,20.05,20.26,20.95,20.71
40.92,40.94,40.73,40.08,40.94,40.16,40.81,40.47,40.79,40.08,40.4,40.69,40.08
60.64,61.0,60.93,60.17,60.21,60.78,60.19,60.5,60.2,60.48,60.72,60.86,60.37
80.5,80.61,80.95,80.87,80.16,80.3,80.76,80.95,80.4,80.68,80.15,80.65,80.54
100.31,100.18,100.88,100.48,100.03,100.21,100.39,100.54,100.31,100.61,101.0,100.1,100.09
20.22,20.49,20.43,20.53,20.91,20.71,20.76,20.99,20.06,20.67,20.82,20.77,20.96
40.03,40.18,40.69,40.84,40.87,40.02,40.01,40.51,40.91,40.47,40.62,40.99,40.34
60.14,60.85,60.23,60.83,60.89,60.41,60.86,60.66,60.58,60.53,60.94,60.59,60.15
80.94,80.35,80.83,80.19,80.07,80.38,80.3,80.92,80.07,81.0,80.03,80.01,80.93
100.67,100.04,100.19,100.76,100.41,100.33,100.92,100.15,100.79,100.93,100.53,100.19,100.13
20.05,20.25,20.8,20.96,20.32,20.87,20.37,20.79,20.93,20.77,20.82,20.69,21.0
40.63,40.77,40.05,40.46,40.12,40.66,40.54,40.43,40.81,40.6,40.49,40.89,40.66
60.74,60.56,60.36,60.91,60.69,60.64,60.88,60.74,60.5,60.04,60.67,60.38,60.77
80.74,80.52,80.52,80.73,80.85,80.44,80.61,80.48,80.99,80.15,80.11,80.08,80.54
100.53,100.49,100.87,100.8,100.49,100.75,100.03,100.41,100.43,100.52,100.99,100.45,100.35
20.91,20.25,20.06,20.56,20.33,20.73,20.33,20.36,20.42,20.19,20.43,20.74,20.33
40.18,40.15,40.01,40.61,40.73,40.67,40.4,40.73,40.55,40.35,40.02,40.26,40.43
60.46,60.57,60.14,60.15,60.39,60.81,60.15,60.73,60.12,60.64,60.66,60.23,60.46
80.52,80.24,80.64,80.49,80.35,80.08,80.39,80.5,80.56,80.65,80.74,80.15,80.13
100.73,100.81,100.47,100.9,100.16,100.62,100.17,100.88,100.83,100.17,100.24,100.95,100.29
20.12,20.13,20.67,20.46,20.85,20.34,20.63,20.97,20.33,20.63,20.78,20.26,20.27
40.16,40.65,40.65,40.52,40.56,40.78,40.31,40.81,40.41,40.17,40.04,40.74,40.02
60.59,60.24,60.81,60.09,60.51,60.89,60.01,60.92,60.15,60.04,60.87,60.1,60.76
80.99,80.72,80.75,80.46,80.77,80.72,80.58,80.77,80.28,80.17,80.23,80.01,80.66
100.08,100.85,100.81,100.68,100.19,100.35,100.87,100.25,100.17,100.67,100.33,100.79,100.39
20.32,20.08,20.39,20.45,20.63,20.9,20.65,20.69,20.96,20.84,20.27,20.43,20.88
40.77,40.97,40.21,40.65,40.6,40.58,40.49,40.69,40.99,40.16,40.81,40.33,40.47
60.42,60.87,60.11,60.53,60.87,60.46,60.32,60.13,60.04,60.21,60.59,60.7,60.69
80.31,80.25,80.26,80.81,80.15,80.91,80.96,80.93,80.28,80.6,80.88,80.14,80.59
100.55,100.37,100.06,100.99,100.91,100.46,100.15,100.65,100.01,100.81,100.37,100.28,100.24
20.39,20.09,20.56,20.06,20.69,20.44,20.93,20.63,20.08,20.56,20.9,20.82,20.6
40.36,40.75,40.77,40.62,40.51,40.91,40.02,40.95,40.98,40.32,40.67,40.64,40.23
60.07,60.08,60.5,60.07,60.95,60.37,60.96,60.87,60.73,60.9,60.1,60.25,60.32
80.92,80.26,80.86,80.26,80.42,80.12,80.79,80.84,80.31,80.67,80.29,80.55,80.37
100.41,100.16,100.72,100.08,100.21,100.85,100.7,100.04,100.99,100.81,100.91,100.17,100.29
20.39,20.32,20.39,20.43,20.75,20.28,20.24,20.6,20.44,20.1,20.91,20.07,20.37
40.75,40.09,40.1,40.94,40.12,40.45,40.14,40.8,40.83,40.31,40.47,40.89,40.72
60.89,60.97,60.63,60.08,60.15,60.84,60.69,60.69,60.43,60.58,60.04,60.47,60.93
80.69,80.21,80.42,80.16,80.54,80.5,80.47,80.34,80.8,80.96,80.67,80.74,80.19
100.54,100.38,100.97,100.06,100.06,100.49,100.19,100.09,100.31,100.2,100.78,100.39,100.39
20.93,20.03,20.04,20.54,20.42,20.06,20.69,20.93,20.23,20.65,20.61,20.57,20.53
40.45,40.59,40.55,40.58,40.62,40.47,40.74,40.36,40.56,40.47,40.29,40.7,40.83
60.61,60.88,60.3,60.78,60.09,60.87,60.16,60.75,60.37,60.01,60.94,60.13,60.11
80.76,80.75,80.37,80.82,80.82,80.65,80.22,80.84,80.68,80.39,80.37,80.29,81.0
100.36,100.51,100.65,100.64,100.94,100.25,100.22,100.76,100.04,100.76,100.84,100.14,100.3
20.29,20.86,20.23,20.66,20.59,20.38,20.02,20.51,20.59,20.79,20.03,20.03,20.11
40.81,40.95,40.13,40.72,40.43,40.33,40.74,40.9,40.24,40.57,40.04,40.8,40.08
60.69,60.91,61.0,60.4,60.96,60.64,60.88,60.22,60.69,60.27,60.86,60.74,60.85
80.36,80.14,80.48,80.73,80.57,80.63,80.88,80.21,80.76,80.38,80.44,80.29,80.75
100.21,100.87,100.09,100.8,100.86,100.52,100.68,100.64,100.17,100.7,100.02,100.62,100.28
20.45,20.47,20.12,20.08,20.15,20.84,20.34,20.08,20.07,20.83,20.3,20.52,20.56
40.41,40.69,40.43,40.27,40.48,40.21,40.75,40.9,40.69,40.39,40.05,40.98,40.49
60.78,60.75,60.75,60.68,60.82,60.68,60.11,60.06,60.75,60.26,60.85,60.07,60.45
80.2,80.86,80.64,80.24,80.4,80.15,80.18,80.07,80.67,80.43,80.74,80.83,80.07
100.12,100.77,100.41,100.93,100.02,100.24,100.35,100.61,100.41,100.34,100.42,100.02,100.62
20.19,20.69,20.66,20.61,20.72,20.28,20.91,20.4,20.26,20.73,20.83,20.69,20.78
41.0,40.4,40.99,40.87,41.0,40.07,40.63,40.64,40.16,40.73,40.83,40.89,40.68
60.43,60.19,60.59,60.38,60.48,60.32,60.03,60.92,60.91,60.67,60.1,60.28,60.88
80.14,80.96,80.04,80.65,80.25,80.62,80.11,80.48,80.37,80.34,80.35,80.37,80.09
100.18,100.34,100.89,100.67,100.06,100.2,100.5,100.54,100.02,100.45,100.78,100.46,100.41
20.51,21.0,20.24,20.39,20.07,20.61,20.15,20.3,20.91,20.3,20.33,20.64,20.54
40.39,40.77,40.79,40.21,40.2,40.77,40.53,40.23,40.73,40.85,40.31,40.63,40.24
60.25,60.48,60.78,60.13,60.64,60.83,60.31,60.5,60.43,60.6,60.7,60.41,60.82
80.9,80.76,80.14,80.75,80.16,80.04,80.11,80.3,80.28,80.92,80.51,80.73,80.55
100.91,100.24,100.25,101.0,100.02,100.39,100.37,100.99,100.59,100.21,100.06,100.08,100.55
20.01,20.8,20.88,20.91,20.09,20.52,20.8,20.43,20.09,20.68,20.14,20.02,20.82
40.44,40.9,40.13,40.26,40.44,40.23,40.01,40.68,40.65,40.18,40.6,40.92,40.9
60.97,60.93,60.61,60.9,60.19,60.61,60.36,60.96,60.04,60.63,60.34,60.2,60.09
80.69,80.74,80.31,80.57,80.9,80.53,80.81,80.91,80.19,80.73,80.1,80.26,80.14
100.9,100.53,100.39,100.38,100.78,100.26,100.93,100.67,100.44,100.01,100.99,100.21,100.86
20.19,20.15,20.2,20.19,20.7,20.75,20.34,20.5,20.22,20.5,20.56,20.21,20.58
40.84,40.2,40.73,40.11,40.36,40.66,40.14,40.62,40.04,41.0,40.58,40.11,40.17
60.98,60.99,60.76,60.28,60.24,60.92,60.8,60.55,60.16,60.43,60.46,60.16,60.68
80.54,80.11,80.29,80.47,80.56,80.49,80.96,80.75,80.02,80.97,80.8,80.95,80.18
100.14,100.01,100.5,100.38,100.71,100.62,100.78,100.73,100.47,100.05,100.78,100.66,100.78
20.32,20.02,20.21,20.56,20.11,20.01,20.57,20.64,20.63,20.3,20.68,20.52,20.6
40.92,40.31,40.53,40.52,40.6,40.24,40.4,40.7,40.77,40.94,40.71,40.9,40.17
60.56,60.55,60.94,60.35,60.67,60.35,60.98,60.53,60.64,60.74,61.0,60.68,60.94
80.95,80.16,80.96,80.72,80.78,80.23,80.8,80.11,80.59,80.8,80.28,80.93,80.55
100.18,100.94,100.62,100.65,100.75,100.05,100.8,100.73,100.71,100.64,100.53,100.66,100.61
20.04,20.9,20.4,20.53,20.7,20.6,20.56,20.02,20.87,20.79,20.26,20.27,20.79
40.53,40.04,40.48,40.89,40.3,40.47,40.04,40.77,40.02,40.63,40.12,40.89,40.21
60.38,60.55,60.93,60.99,60.75,60.33,60.24,60.77,60.07,60.56,60.25,60.94,60.16
80.01,80.28,80.66,80.36,80.32,80.51,80.37,80.32,80.35,80.81,80.55,80.62,80.24
100.15,100.87,100.22,100.23,100.74,100.39,100.75,100.64,100.99,100.78,100.22,100.87,100.94
20.04,20.09,20.68,20.53,20.16,20.83,20.5,20.02,20.34,20.97,20.82,20.28,20.16
40.2,40.29,40.03,40.52,40.84,40.56,40.39,40.67,40.07,40.48,40.98,40.86,40.35
60.03,60.95,60.55,60.57,60.56,60.77,60.15,60.58,60.73,60.16,60.77,60.58,60.77
80.13,80.29,80.29,80.7,80.73,80.9,80.49,80.21,80.71,80.28,80.86,80.97,80.54
100.34,100.37,100.68,100.04,100.86,100.14,100.58,100.29,100.83,100.65,100.1,100.43,100.72
20.75,20.86,20.76,20.28,20.44,20.97,20.19,20.17,20.97,20.36,20.58,20.67,20.38
40.94,40.85,40.13,40.9,40.63,40.13,40.09,40.47,40.98,40.73,40.76,40.94,40.49
60.1,60.78,60.98,60.58,60.56,60.79,60.17,60.24,60.13,60.72,60.27,60.72,60.98
80.67,80.2,80.42,80.76,80.01,80.41,80.07,80.58,80.79,80.1,80.9,80.23,80.28
100.74,100.74,100.62,100.49,100.75,100.08,100.21,100.12,100.75,100.17,100.03,100.46,100.18
20.34,20.83,20.03,20.02,20.39,20.16,20.23,20.36,20.86,20.52,20.56,20.35,20.22
40.63,40.35,40.47,40.99,40.91,40.02,40.44,40.63,40.29,40.91,40.92,40.86,40.57
60.71,60.74,60.49,60.77,60.92,60.87,60.38,60.39,60.21,60.76,60.19,60.44,60.27
80.51,80.65,80.97,80.73,80.19,80.42,80.5,80.92,80.52,80.07,80.46,80.94,80.28
100.58,100.57,100.73,100.17,100.98,100.6,100.67,100.2,100.51,100.16,100.49,100.12,101.0
20.2,20.25,20.5,20.17,20.72,20.82,20.14,20.84,20.7,20.97,20.6,20.62,20.16
40.82,40.51,40.31,40.88,40.74,41.0,40.33,40.07,40.61,40.27,40.54,40.75,40.27
60.1,60.66,60.69,60.07,60.27,60.67,60.65,60.93,60.96,60.34,60.48,60.99,60.58
80.01,80.62,80.31,80.72,80.5,80.1,80.66,80.43,80.53,80.06,80.96,80.09,80.85
100.76,100.38,100.85,100.17,100.2,100.18,100.5,100.73,100.79,100.68,100.54,100.89,100.5
20.06,20.11,20.66,20.01,20.81,20.37,20.2,20.88,20.18,20.05,20.21,20.86,20.05
40.9,40.91,40.21,40.29,40.42,40.44,40.39,40.25,40.23,40.78,40.57,40.36,40.84
60.87,60.92,60.23,60.21,60.04,60.4,60.98,60.04,60.46,60.32,60.54,60.86,60.73
80.56,80.07,80.9,80.93,80.21,80.5,80.62,80.26,80.42,80.42,80.28,80.94,80.24
100.51,100.83,100.26,100.31,100.86,100.72,100.46,100.17,100.64,100.42,100.76,100.85,100.2
20.86,20.44,20.95,20.9,20.77,21.0,20.47,20.59,20.79,20.05,20.15,20.39,20.51
40.77,40.28,40.6,40.72,40.66,40.27,40.34,40.04,40.03,40.72,40.98,40.41,40.04
60.33,60.68,60.3,60.45,60.16,60.85,60.02,60.32,60.05,60.84,60.88,60.13,60.91
80.87,80.5,80.2,80.94,80.68,80.57,80.01,80.13,80.3,80.82,80.15,80.34,80.18
100.46,100.48,100.83,100.48,100.7,100.65,100.44,100.71,100.15,100.8,100.89,100.39,100.09
20.56,20.22,20.37,20.54,20.83,20.35,20.19,20.53,20.35,20.67,20.29,20.64,20.63
40.52,40.79,40.1,40.1,40.36,40.89,40.09,40.99,40.1,40.21,40.62,40.53,40.21
60.03,60.96,60.79,60.14,60.98,60.11,60.59,60.79,60.44,60.51,60.1,60.17,60.65
80.57,80.7,80.21,80.16,80.59,80.48,80.71,80.24,80.18,80.46,80.09,80.83,80.8
100.47,100.14,100.99,100.66,100.4,100.99,100.74,100.15,100.69,100.81,100.68,100.36,100.7
20.46,20.17,20.93,20.09,20.65,20.89,20.94,20.82,20.95,21.0,20.09,20.64,20.54
40.05,40.24,40.72,40.98,40.05,40.1,40.82,40.14,40.4,40.01,40.06,40.05,40.29
60.59,60.16,60.45,60.69,60.94,60.08,60.13,60.42,60.64,60.59,60.06,60.65,60.2
80.28,80.61,80.64,80.79,80.67,80.82,80.38,80.94,80.84,80.2,80.75,80.79,80.67
100.14,100.58,100.34,100.05,100.98,100.35,100.52,100.32,100.53,100.96,100.62,100.92,100.87
20.31,20.15,20.07,20.27,20.84,20.66,20.57,20.74,20.79,20.93,20.13,20.52,20.34
40.99,40.89,40.82,40.18,40.77,40.44,40.08,40.64,40.63,40.49,40.1,40.72,40.11
60.52,60.02,60.56,60.88,60.3,60.3,60.17,60.73,60.09,60.85,60.17,60.79,60.78
80.26,80.31,80.36,80.49,80.5,80.93,80.93,80.75,80.6,80.79,81.0,80.7,80.58
100.39,100.96,100.27,100.85,100.55,100.86,100.67,100.96,100.53,100.63,100.91,100.96,100.68
20.07,20.87,20.58,20.62,20.62,20.63,20.58,20.34,20.12,20.21,20.76,20.58,20.27
40.05,40.45,40.58,40.65,40.67,40.53,40.2,40.13,40.96,40.91,40.08,40.6,40.32
60.59,60.22,60.16,60.47,60.01,60.39,60.46,60.7,60.73,60.06,60.26,60.26,60.99
80.7,80.28,80.39,81.0,80.76,80.46,80.32,80.88,80.47,80.6,80.67,80.5,80.62
100.87,100.24,100.64,100.03,100.38,100.89,100.7,100.11,100.7,100.77,100.88,100.23,100.02
20.22,20.64,20.38,20.14,20.6,20.11,20.18,20.76,20.49,20.96,20.59,20.24,20.75
40.92,40.96,40.24,40.51,40.15,40.99,40.35,40.25,40.16,40.36,40.21,40.89,40.66
60.01,60.15,60.89,60.53,60.43,60.21,60.48,60.09,60.14,60.63,61.0,60.91,60.18
80.1,80.22,80.29,80.22,80.76,80.26,80.98,80.27,80.15,80.8,80.34,80.95,80.53
100.93,100.5,100.12,101.0,100.47,100.9,100.69,100.3,100.34,100.99,100.63,100.35,100.19
20.87,20.87,20.12,20.54,20.02,20.9,20.3,20.34,20.76,20.05,20.18,20.05,20.69
40.23,40.66,40.45,40.44,40.89,40.32,40.33,40.87,40.41,40.03,40.63,40.87,40.05
60.62,60.88,60.24,60.15,60.47,60.63,60.62,60.89,60.84,60.23,60.3,60.37,60.03
80.93,80.38,80.22,80.74,80.49,80.92,80.59,80.36,80.62,80.3,80.48,80.43,80.78
100.12,100.58,100.49,100.17,100.97,100.74,100.45,100.24,100.93,100.57,100.93,100.21,100.15
20.83,20.54,20.45,20.28,20.99,20.99,20.6,20.44,20.44,20.41,20.68,20.59,20.89
40.96,40.16,40.28,40.14,40.13,40.63,40.33,40.89,40.92,40.84,40.98,40.06,40.39
60.89,60.2,60.92,60.38,60.34,60.07,60.39,60.84,60.04,60.18,60.02,60.2,60.15
80.82,80.97,80.86,80.61,80.58,80.75,80.53,80.28,80.88,80.55,80.74,80.42,80.8
100.24,100.09,100.9,100.59,100.38,100.65,100.9,100.33,100.14,100.55,100.86,100.88,100.9
20.73,20.14,20.7,20.62,20.48,20.31,20.74,20.85,20.7,20.68,20.46,20.18,20.67
40.87,40.11,40.25,40.81,40.03,40.11,40.56,40.24,40.49,40.48,40.78,40.87,40.14
60.69,60.02,60.61,60.72,60.14,60.94,60.98,60.69,60.08,60.94,60.87,60.93,60.59
80.13,80.94,80.22,80.86,80.39,80.94,80.58,80.59,80.39,80.17,80.97,80.03,80.11
100.04,100.52,100.42,100.94,100.91,100.98,100.14,100.85,100.15,100.99,100.39,100.29,100.09
20.45,20.84,20.76,20.92,20.35,20.81,20.97,20.08,20.45,20.84,20.04,20.38,20.76
40.62,40.85,40.46,40.71,40.6,40.55,40.29,40.16,40.45,40.19,40.92,40.81,40.09
60.84,60.29,60.98,60.18,60.64,60.59,60.45,60.21,60.73,60.21,60.54,60.83,60.86
80.43,80.52,80.25,80.79,80.09,80.97,80.4,80.96,80.32,80.3,80.91,80.56,80.29
100.15,100.78,100.73,100.11,100.06,100.94,100.75,100.81,100.4,100.92,100.39,100.59,100.45
20.89,20.07,21.0,20.61,20.5,20.38,20.15,20.95,20.08,20.87,20.78,20.79,20.88
40.55,40.56,40.49,40.09,40.96,40.14,40.35,40.8,40.14,40.19,40.48,40.43,40.91
60.92,60.72,60.8,60.19,61.0,60.3,60.52,60.67,60.2,60.52,60.91,60.02,60.31
80.26,80.9,80.52,80.21,80.07,80.93,80.16,80.43,80.97,80.36,80.58,80.93,80.19
100.9,100.6,100.54,100.58,100.95,100.53,100.54,100.2,100.43,100.44,100.49,100.52,100.88
20.85,20.48,20.91,20.51,20.93,20.2,20.15,20.17,20.57,20.75,20.37,20.34,20.42
40.81,40.23,40.27,40.89,40.98,40.96,40.59,40.3,40.04,40.46,40.91,40.42,40.75
60.7,60.21,60.25,60.48,60.74,60.51,60.13,60.71,60.48,60.94,60.98,60.84,60.82
80.45,80.71,80.18,80.35,80.14,80.81,80.46,80.28,80.43,80.05,80.04,80.42,80.74
100.32,100.07,100.23,100.72,100.46,100.4,100.61,100.88,100.01,100.18,100.57,100.59,100.52
20.69,20.21,20.65,20.73,20.21,20.68,20.22,20.68,20.43,20.12,20.12,20.27,20.92
40.83,40.18,40.62,40.85,40.16,40.35,40.07,40.07,40.14,40.97,40.04,40.16,40.54
60.37,60.37,60.8,60.66,60.12,60.64,60.54,60.74,60.63,60.34,60.34,60.81,60.66
80.31,80.07,80.34,80.28,80.82,80.44,80.55,80.95,80.64,80.75,80.25,80.86,80.33
100.01,100.25,100.87,100.51,100.26,100.18,100.82,100.13,100.26,100.31,100.78,100.52,100.44
20.79,20.34,20.42,20.41,20.3,20.45,20.38,20.28,20.42,20.49,20.59,20.06,20.87
40.01,40.58,40.39,40.93,40.28,40.03,40.95,40.47,40.09,40.66,40.51,40.92,40.72
60.81,60.47,60.08,60.92,60.17,60.82,60.51,60.66,60.8,60.45,60.88,60.57,60.82
80.44,80.8,80.78,80.28,80.98,80.42,81.0,80.39,80.12,80.08,80.98,80.35,81.0
100.67,100.36,100.23,100.09,100.34,100.45,100.59,100.94,100.02,100.95,100.46,100.43,100.15
20.8,20.88,20.55,20.44,20.41,20.12,20.87,20.15,20.64,20.26,20.76,20.36,20.54
40.28,40.6,40.92,40.33,40.71,40.05,40.19,40.62,40.49,40.05,40.5,40.56,40.02
60.07,60.07,60.62,60.47,60.11,60.13,60.43,60.95,60.48,60.94,60.22,60.14,60.97
80.44,80.12,80.19,80.49,80.24,80.77,80.11,80.3,80.43,80.48,80.54,80.46,80.1
100.3,100.86,100.91,100.94,100.38,100.88,100.78,100.54,100.81,100.59,100.86,100.17,100.81
20.47,20.36,20.41,20.01,20.84,20.04,20.48,20.85,20.94,20.6,20.18,20.4,20.35
40.11,40.14,40.41,40.73,40.92,40.67,40.25,40.45,40.07,40.28,40.45,40.86,40.42
60.82,60.17,60.09,60.45,60.77,60.74,60.69,60.14,60.82,60.97,60.89,60.67,60.84
80.52,80.25,80.01,80.61,80.06,80.02,80.93,80.54,80.54,80.9,80.89,81.0,80.19
100.8,100.95,100.32,100.55,100.55,100.95,100.56,100.94,100.26,100.36,100.09,100.16,100.06
20.29,20.21,20.95,20.15,20.21,20.06,20.59,20.46,20.01,20.22,20.19,20.13,20.25
40.08,40.21,40.02,40.02,40.95,40.8,40.08,40.91,40.17,40.56,40.78,40.27,40.4
60.91,60.54,60.37,60.61,60.98,60.38,60.35,60.42,60.84,60.42,60.19,60.46,60.85
80.77,80.67,80.21,80.94,80.4,80.2,80.73,80.01,80.28,80.48,80.41,80.63,80.58
100.05,100.03,100.08,100.83,100.95,100.62,100.64,100.4,100.66,100.43,100.17,100.23,100.95
20.07,20.46,20.4,20.18,20.54,20.61,20.1,20.13,20.13,20.56,20.43,20.48,20.79
40.73,40.06,40.53,40.04,40.15,40.53,40.53,40.82,40.53,40.01,40.89,40.02,40.56
60.82,60.31,60.12,60.55,60.1,60.91,60.64,60.45,60.61,60.86,60.8,60.83,60.5
80.45,80.32,80.26,80.94,80.86,80.08,80.86,80.25,80.74,80.89,80.68,80.43,80.83
100.82,100.89,100.9,100.13,100.54,100.01,100.36,100.02,100.07,100.07,100.75,100.6,100.03
20.96,20.42,20.6,20.11,20.4,20.84,20.93,20.97,20.53,20.98,20.05,20.02,20.26
40.88,40.54,40.24,41.0,40.16,40.63,40.72,40.99,40.03,40.05,40.78,40.14,40.7
60.58,60.78,60.77,60.1,60.78,60.85,60.14,60.65,60.92,60.17,60.25,60.53,60.25
80.91,80.62,80.12,80.22,80.47,80.75,80.08,80.72,80.18,80.86,80.36,80.78,80.77
100.11,100.98,100.72,100.77,100.43,100.12,100.86,100.32,100.9,100.48,100.23,100.43,100.41
20.08,20.43,20.59,20.79,20.52,20.85,20.56,20.84,20.29,20.99,20.05,20.36,20.41
40.68,40.94,40.52,40.1,40.98,40.3,40.96,40.5,40.98,40.75,40.1,40.42,40.31
60.14,60.43,60.28,60.14,60.88,60.68,60.98,60.83,60.24,60.99,60.38,60.64,60.07
80.75,80.05,80.34,80.35,80.63,80.17,80.88,80.58,80.68,80.16,80.27,80.63,80.39
100.38,100.52,100.66,100.79,100.58,100.91,100.53,100.22,100.77,100.83,100.77,100.61,100.59
20.04,20.53,20.54,20.08,20.25,20.01,20.08,20.38,20.04,21.0,20.12,20.42,20.09
40.28,40.87,40.87,40.96,40.59,40.34,40.1,40.48,40.66,40.88,40.63,40.07,40.43
60.2,60.2,60.87,60.34,60.91,60.94,60.66,60.18,60.68,60.07,60.35,60.36,60.41
80.33,80.7,80.72,80.89,80.07,80.34,80.44,80.83,80.75,80.31,80.59,80.97,80.33
100.11,100.69,100.68,100.37,100.14,100.7,101.0,100.22,100.77,100.71,100.02,100.8,100.42
20.88,20.21,20.68,20.57,20.75,20.73,20.99,20.08,20.81,20.61,20.68,20.36,20.92
40.24,40.02,40.15,40.48,40.31,40.64,40.07,40.9,40.14,40.2,40.02,40.15,40.49
60.49,60.24,60.21,60.07,60.05,60.88,60.31,60.36,60.05,60.82,60.07,60.15,60.27
80.37,80.81,80.59,80.97,80.84,80.1,80.54,80.26,80.13,80.46,80.43,80.42,80.62
100.37,100.04,100.34,100.72,100.96,100.97,100.7,100.94,100.69,100.12,100.28,100.54,100.67
20.77,20.42,20.74,20.71,20.7,20.41,20.57,20.41,20.87,20.4,20.61,20.45,20.94
40.97,40.57,40.07,40.6,40.24,40.61,40.49,40.88,40.2,40.38,40.98,40.73,40.54
60.84,60.48,60.78,60.59,60.55,60.16,60.09,60.98,60.67,60.03,60.25,60.05,60.16
80.61,80.52,80.09,80.69,80.97,80.4,80.79,80.61,80.27,80.33,80.47,80.3,80.53
100.81,100.75,100.28,100.47,100.79,100.96,100.07,100.05,100.69,100.43,100.8,100.15,100.57
20.42,20.79,20.65,20.4,20.12,20.69,20.1,20.01,20.52,20.1,20.09,20.79,20.27
40.04,40.68,40.75,40.51,40.59,40.86,40.43,40.3,40.37,40.07,41.0,40.88,40.94
60.71,60.39,60.92,60.64,60.47,60.93,60.82,60.83,60.3,60.25,60.71,60.2,60.03
80.19,80.36,80.53,80.31,80.14,81.0,80.46,80.07,80.59,80.26,80.27,80.83,80.22
100.59,100.87,100.17,100.16,100.98,100.23,100.97,100.95,100.05,100.53,100.87,100.34,100.31
20.56,20.94,20.02,20.12,20.43,20.91,20.64,20.8,21.0,20.44,20.26,20.87,20.97
40.13,40.93,40.33,40.48,40.46,40.32,40.79,40.36,40.57,40.9,40.34,40.83,40.44
60.97,61.0,60.34,60.93,60.74,60.49,60.18,60.71,60.39,60.31,60.85,60.22,60.2
80.9,80.82,80.32,80.04,80.5,80.37,80.08,80.7,80.93,80.65,80.3,80.79,80.22
100.22,100.57,100.71,100.12,100.89,100.67,100.78,100.84,100.41,100.1,100.79,100.61,100.65
20.38,20.47,20.94,20.92,20.44,20.01,20.26,20.03,20.22,20.93,20.58,20.39,20.74
40.43,40.13,40.88,40.07,40.18,40.1,40.76,40.87,40.91,40.13,40.84,40.64,40.08
60.72,60.23,60.49,60.32,60.07,60.44,60.71,60.46,60.15,60.79,60.65,60.85,60.2
80.09,80.1,80.82,80.34,80.04,80.28,80.49,80.18,80.44,80.58,80.44,80.59,80.76
100.51,100.06,100.94,100.8,100.26,100.66,100.88,100.26,100.62,100.14,100.25,100.94,100.62
20.34,20.33,20.69,20.09,20.05,20.25,20.85,20.27,20.61,20.35,20.43,20.73,20.56
40.01,40.81,40.53,40.65,40.18,40.67,40.59,40.83,40.44,40.99,40.45,40.51,40.64
60.31,60.34,60.13,60.55,60.98,60.57,60.93,60.17,60.46,60.5,60.75,60.26,60.89
80.17,80.26,80.9,80.45,80.69,80.7,80.51,80.01,80.06,80.16,80.37,80.8,80.67
100.81,100.12,100.61,100.04,100.74,100.77,100.45,100.01,100.83,100.11,100.74,100.08,100.22
20.75,20.8,20.67,20.93,20.65,20.28,20.44,20.34,20.28,20.37,20.46,20.99,20.19
40.08,40.01,40.77,40.12,40.83,40.43,40.31,40.73,40.5,40.27,40.99,40.65,40.87
60.62,60.44,60.65,60.84,60.11,60.57,60.31,60.33,60.34,60.77,60.42,60.22,61.0
80.44,80.27,80.26,80.99,80.01,80.2,80.46,80.71,80.28,80.62,80.92,80.71,80.25
100.16,100.36,100.92,100.61,100.55,100.49,100.03,100.34,100.25,100.74,100.34,100.71,100.07
20.97,20.27,20.41,20.61,20.73,20.11,20.36,20.46,20.77,20.87,20.18,20.24,20.76
40.06,40.02,40.87,40.71,40.37,40.48,40.66,40.09,41.0,40.34,40.5,40.01,40.67
60.29,60.41,60.28,60.16,60.58,60.05,60.31,60.49,60.54,60.47,60.27,60.22,60.59
80.63,80.38,80.55,80.11,80.24,80.14,80.17,80.61,80.62,80.48,80.67,80.59,80.19
100.75,100.95,100.27,100.45,100.86,100.51,100.32,100.75,100.47,100.73,100.6,100.36,100.41
20.98,20.26,20.86,20.18,20.56,20.82,20.11,20.86,20.29,20.54,20.45,20.41,20.1
40.18,40.42,40.34,40.22,40.46,40.56,40.48,40.74,40.76,40.83,40.29,40.66,40.93
60.24,60.12,60.41,60.95,60.25,60.88,60.88,60.36,60.75,60.59,60.83,60.82,60.08
80.75,80.76,80.04,80.36,80.16,80.13,80.84,80.39,80.38,80.75,80.97,80.65,80.21
100.23,100.92,100.03,100.05,100.54,100.97,100.78,100.51,100.77,100.12,100.63,100.55,100.57
20.77,20.94,20.13,20.43,20.54,20.43,20.16,20.13,20.35,20.38,20.77,20.42,20.07
40.08,40.28,40.59,40.56,40.17,40.76,40.54,40.33,40.11,40.89,40.72,40.51,40.21
60.49,60.06,60.52,60.37,60.2,60.12,60.53,60.33,60.36,60.17,60.36,60.21,60.45
80.48,80.43,80.62,80.69,80.66,80.37,80.46,80.14,80.52,80.71,80.95,80.58,80.32
100.46,100.08,100.84,100.67,100.59,100.17,100.06,100.6,100.91,100.26,100.45,100.45,100.64
20.35,20.95,20.58,20.93,20.58,20.81,20.01,20.92,20.68,20.65,20.09,20.73,20.37
40.41,40.46,40.79,40.99,40.29,40.39,40.06,40.62,40.77,40.74,40.09,40.16,40.4
60.73,60.86,60.09,60.42,60.67,60.23,60.16,60.5,60.32,60.64,60.18,60.85,60.05
80.77,80.05,80.48,80.41,80.53,80.43,80.01,80.92,80.38,80.39,80.06,80.97,80.4
100.41,100.16,100.48,100.46,100.02,101.0,100.89,100.75,100.51,100.65,100.53,100.19,100.17
20.8,20.28,20.34,20.2,20.11,20.12,20.62,20.15,20.17,20.82,20.4,20.61,20.99
40.93,40.13,40.55,40.94,40.97,40.83,40.76,40.86,40.3,40.8,40.84,40.06,40.25
60.65,60.55,60.71,60.38,60.9,60.75,60.13,60.56,60.44,60.92,60.53,60.02,60.57
80.67,80.87,80.43,80.15,80.58,80.15,80.94,80.86,80.07,80.57,80.83,80.2,81.0
100.67,100.56,100.11,100.97,100.03,100.33,100.43,100.97,100.73,100.82,100.16,101.0,100.52
20.18,20.86,20.14,20.57,20.99,20.29,20.97,20.44,20.03,20.92,20.35,20.48,20.16
40.66,40.02,40.13,40.13,40.03,40.93,40.4,40.28,40.5,40.2,40.65,40.99,40.4
60.19,60.01,60.34,60.62,60.14,60.22,60.99,60.51,60.71,60.51,60.88,60.06,60.18
80.37,80.51,80.77,80.84,80.1,80.67,80.01,80.97,80.32,80.82,80.93,80.42,80.77
100.96,100.19,100.99,100.04,100.2,100.11,100.88,100.16,100.16,100.36,100.05,100.73,100.78
20.06,20.52,20.8,20.06,20.39,20.69,20.98,20.85,20.36,20.52,20.64,20.34,20.53
40.47,40.15,40.45,40.8,41.0,40.33,40.24,40.31,40.66,40.83,40.91,40.1,40.48
60.25,60.48,60.15,60.95,60.58,60.11,60.02,60.12,60.69,60.38,60.54,60.2,60.23
80.47,80.63,80.18,80.26,80.26,80.32,80.51,80.17,80.93,80.92,80.61,81.0,80.78
100.79,100.9,100.03,100.59,100.28,100.97,100.85,100.16,100.29,100.18,100.82,100.95,100.34
20.54,20.04,20.42,20.56,20.3,20.62,20.32,20.57,20.14,20.69,20.01,20.88,20.56
40.55,40.95,40.64,40.8,40.86,40.63,40.49,40.45,40.38,40.4,40.12,40.05,40.07
60.33,60.37,60.85,60.38,60.88,60.58,60.16,60.46,60.22,60.42,60.26,60.65,60.64
80.91,80.11,80.19,80.64,80.56,80.14,80.86,80.3,80.35,80.17,80.88,80.75,80.48
100.22,100.01,100.61,100.74,100.09,100.08,100.1,100.39,100.6,100.62,100.5,100.02,100.64
20.35,20.01,20.22,20.83,20.93,20.19,20.35,20.15,20.39,20.27,20.66,20.93,20.86
40.71,40.74,40.96,40.78,40.66,40.16,40.72,40.13,40.03,40.35,40.76,40.57,40.68
60.46,60.25,61.0,60.38,60.41,60.53,60.96,60.65,60.23,60.06,60.17,60.93,60.1
80.68,80.37,80.01,80.9,80.19,80.69,80.62,80.64,80.98,80.13,80.33,80.86,80.79
100.15,100.72,100.74,100.47,100.49,100.08,100.92,100.84,100.29,100.81,100.83,100.06,100.41
20.45,20.35,20.63,20.72,20.38,20.24,20.17,20.48,20.87,20.9,20.42,20.41,20.22
40.68,40.13,40.44,40.85,40.01,40.26,40.21,40.27,40.33,40.65,40.39,40.49,40.68
60.72,60.23,60.51,60.18,60.9,60.03,60.15,60.95,60.38,60.03,60.07,60.84,60.26
80.19,80.47,80.34,80.25,80.65,80.13,80.39,80.4,80.74,80.36,80.01,80.35,80.03
100.29,100.53,100.76,100.92,100.32,100.19,100.54,100.05,100.66,100.91,101.0,100.49,100.91
20.55,20.86,20.1,20.04,20.95,20.85,20.37,20.79,20.86,20.31,20.31,20.39,20.07
40.28,40.07,40.16,40.62,40.79,40.33,40.4,40.29,41.0,40.76,40.55,40.68,40.3
60.15,60.62,60.13,60.43,60.43,60.87,60.68,60.04,60.6,60.63,60.93,60.84,60.02
80.21,80.19,80.55,80.25,80.02,80.92,80.12,80.12,80.58,80.28,80.94,80.65,80.48
100.38,100.29,101.0,100.43,100.04,100.87,100.77,100.1,100.57,100.95,100.07,100.13,100.99
20.33,20.38,20.25,20.12,20.92,20.92,20.88,20.13,20.38,20.98,20.85,20.84,20.26
40.78,40.57,40.89,40.75,40.6,40.59,40.08,40.14,40.67,40.83,40.55,40.51,40.95
60.36,60.63,60.73,60.71,60.02,60.46,60.05,60.29,60.86,60.69,60.86,60.64,60.59
80.41,80.35,80.19,80.32,80.93,80.56,80.9,80.13,80.5,80.69,80.86,80.88,80.09
100.45,100.52,100.15,100.41,100.69,100.91,100.05,100.42,100.07,100.1,100.78,100.62,100.55
20.85,20.96,20.03,20.56,20.76,20.27,20.53,20.1,20.42,20.52,20.48,20.82,20.9
40.61,40.18,40.11,41.0,40.6,40.3,40.33,40.92,40.02,40.02,40.68,40.41,40.89
60.34,60.6,60.8,60.93,60.35,60.47,60.03,60.59,60.68,60.09,60.02,60.49,60.91
80.93,80.48,80.49,80.62,80.62,80.98,80.45,80.97,80.49,80.11,80.08,80.66,80.83
100.91,100.32,100.42,100.29,100.11,100.64,100.78,100.74,100.11,100.43,100.64,100.22,100.74
20.77,20.72,20.05,20.03,20.51,20.21,20.9,20.82,20.39,20.13,20.36,20.14,20.12
40.88,40.69,40.52,40.45,40.83,40.63,40.91,40.19,40.66,40.04,40.52,40.45,40.7
60.93,60.22,60.45,60.7,60.96,60.64,60.84,60.9,60.78,60.16,60.46,60.13,60.78
80.85,80.04,80.37,80.27,80.91,80.7,80.47,80.7,80.58,80.2,80.9,80.62,80.31
100.42,100.67,100.65,100.86,100.41,100.15,100.33,100.22,100.11,100.55,100.39,100.72,100.51
20.02,20.5,20.18,20.32,20.95,20.64,20.54,20.16,20.04,20.19,20.45,20.94,20.65
40.04,40.88,40.31,40.17,40.03,40.39,40.04,40.67,40.3,40.25,40.05,40.12,40.01
60.95,60.65,60.48,60.94,60.98,60.87,60.83,60.28,60.76,60.1,60.21,60.36,60.1
80.53,80.25,80.59,80.43,80.79,80.32,80.35,80.49,80.6,80.21,80.47,80.33,80.3
100.53,100.84,100.56,100.73,100.34,100.13,100.49,100.58,100.27,100.76,100.77,100.55,100.72
20.4,20.78,20.16,20.16,20.19,20.4,20.34,20.97,21.0,20.3,20.28,20.91,20.55
40.83,40.7,40.1,40.89,40.24,40.18,40.83,40.35,40.98,40.19,40.13,40.03,40.32
60.32,60.81,60.71,60.24,60.02,60.33,60.69,60.26,60.15,60.63,60.72,60.48,60.85
80.45,80.15,80.9,80.23,80.48,80.82,80.28,80.12,80.96,80.53,80.42,80.8,80.81
100.29,100.31,100.93,100.99,100.65,100.92,100.27,100.03,100.92,100.74,100.34,100.19,100.13
20.52,20.12,20.57,20.02,20.22,20.79,20.59,20.13,20.86,20.89,20.59,20.14,20.83
40.2,40.98,40.14,40.3,40.55,40.97,40.25,40.79,40.1,40.89,40.14,40.83,40.79
60.91,60.69,60.71,60.43,60.73,60.03,60.6,60.76,60.01,60.42,60.71,60.75,60.42
80.41,80.44,80.63,80.95,80.59,80.98,80.35,80.09,80.62,80.01,80.42,80.39,80.92
100.91,100.27,100.81,100.76,100.04,100.24,100.11,100.97,100.19,100.29,100.69,100.32,100.8
20.15,20.08,20.05,20.47,20.92,20.26,20.83,20.37,20.52,20.68,20.7,20.58,20.85
40.24,40.21,40.85,40.4,40.67,40.25,40.05,40.16,40.49,40.49,40.38,40.72,40.01
60.88,60.55,60.24,60.2,60.78,60.95,60.33,61.0,60.12,60.25,60.07,60.43,60.06
80.95,80.76,80.37,80.36,80.54,80.54,80.97,80.84,80.25,80.2,80.72,80.58,80.89
100.32,100.31,100.87,100.22,100.28,100.34,100.02,100.57,100.78,100.9,100.33,100.34,100.82
20.81,20.59,20.96,20.67,20.08,20.79,20.68,20.77,20.51,20.18,20.36,20.68,20.92
40.09,40.55,40.44,40.27,40.41,40.68,40.12,40.44,40.37,40.63,40.6,40.41,40.58
60.88,60.16,60.44,60.29,60.51,60.28,60.71,60.05,60.08,60.06,60.03,60.59,60.91
80.66,80.65,80.78,80.4,80.56,80.02,80.64,80.48,80.38,80.63,80.1,80.36,80.69
100.07,100.87,100.66,100.83,100.11,100.23,100.33,100.62,100.97,100.5,100.17,100.49,100.39
20.56,20.64,20.98,20.97,20.33,20.12,20.8,20.26,20.06,20.81,20.11,20.32,20.71
40.67,40.76,40.15,40.68,40.88,40.23,40.25,40.11,40.47,40.88,40.82,40.03,40.22
60.49,60.78,60.8,60.6,60.34,60.28,60.1,60.25,60.09,60.06,60.63,60.12,60.93
80.11,80.64,80.74,80.67,80.78,80.2,80.86,80.34,80.01,80.4,80.57,80.99,80.1
100.99,100.54,100.41,100.41,100.12,100.87,100.52,100.97,100.11,100.85,100.99,100.17,100.23
20.54,20.04,20.78,20.4,20.15,20.25,20.61,20.49,20.28,20.95,20.1,20.73,20.64
40.84,40.52,40.33,40.4,40.55,40.31,40.53,40.38,40.99,40.93,40.17,40.99,40.49
60.16,60.51,60.07,60.56,60.15,60.06,60.07,60.58,60.9,60.86,60.35,60.25,60.97
80.66,80.29,80.09,80.14,80.12,80.69,80.5,80.83,80.48,80.85,80.99,80.93,80.31
100.84,100.04,100.13,100.27,100.33,100.54,100.98,100.7,100.5,100.4,100.49,100.24,100.18
20.4,20.18,20.91,20.93,20.64,20.55,20.88,20.64,20.21,20.26,20.97,20.48,20.28
40.62,40.05,40.5,40.09,40.26,40.97,40.59,40.83,40.87,40.1,40.45,40.78,40.75
60.06,60.46,60.15,60.21,60.82,60.12,60.63,60.79,60.94,60.84,60.19,60.98,60.35
80.78,80.07,80.5,80.74,80.9,80.8,80.87,80.48,80.05,80.77,80.13,80.91,80.46
100.61,100.8,100.83,100.79,100.67,100.71,100.41,100.45,100.3,100.32,100.35,100.82,100.12
20.97,20.7,20.79,20.34,20.57,20.86,20.8,20.82,20.14,20.72,20.17,20.66,20.95
40.79,40.29,40.38,40.93,40.75,40.97,40.34,40.01,40.25,40.24,40.9,40.09,40.89
60.6,60.75,60.67,60.57,60.2,60.32,60.19,60.04,60.65,60.81,60.26,60.6,60.55
80.25,80.85,80.94,80.82,80.37,80.13,80.26,80.14,80.12,81.0,80.06,80.68,80.25
100.89,100.02,100.25,100.46,100.98,100.92,100.14,100.92,100.37,100.82,100.88,100.78,100.01
20.82,20.23,20.54,20.44,20.84,20.77,20.38,20.24,20.87,20.03,20.96,20.26,20.54
40.35,40.61,40.67,40.02,40.09,40.37,40.24,40.71,40.71,40.05,40.45,40.75,40.56
60.16,60.16,60.01,60.4,60.17,60.11,60.04,60.19,60.42,60.76,60.02,60.1,60.4
80.13,80.62,80.06,80.11,80.53,80.2,80.79,80.17,80.04,80.91,80.97,80.7,80.27
100.04,100.72,100.31,100.02,100.75,100.15,100.33,100.24,100.83,100.06,100.74,100.58,100.64
20.17,20.35,20.91,20.32,20.51,20.52,20.96,20.52,20.87,20.33,20.71,20.47,20.26
40.6,40.18,40.18,40.18,40.6,40.95,40.38,40.88,40.96,40.86,40.63,40.32,40.29
60.83,60.89,60.58,60.57,60.57,60.19,60.1,60.17,60.4,60.38,60.69,60.33,60.04
80.41,80.31,80.22,80.96,80.61,80.84,80.66,80.03,80.03,80.07,80.89,80.83,80.26
100.37,100.82,100.71,100.68,100.97,100.63,100.47,100.39,100.72,100.62,100.45,100.15,100.73
20.91,20.78,20.51,20.1,20.56,20.6,20.83,20.32,20.68,20.7,20.16,20.63,20.88
40.85,40.67,40.69,40.9,40.9,40.96,40.06,40.61,40.17,40.46,40.18,40.41,40.49
60.27,60.96,60.13,60.81,60.41,60.5,60.46,60.61,60.16,60.22,60.31,60.89,60.72
80.71,80.71,80.02,81.0,80.63,80.24,80.29,80.73,80.7,80.63,80.09,80.36,80.66
100.19,100.88,100.06,100.58,100.86,100.3,100.08,100.44,100.41,100.78,100.07,100.46,100.58
20.79,20.17,20.41,20.96,20.25,20.15,20.57,20.46,20.68,20.06,20.92,20.71,20.5
40.6,40.31,40.58,40.86,40.89,40.26,40.02,40.93,40.39,40.29,40.92,40.98,40.73
60.61,60.31,60.04,60.94,60.04,60.62,60.39,60.52,60.66,60.91,60.23,60.36,60.82
80.96,80.56,80.54,80.34,80.24,80.91,80.94,80.56,80.85,80.15,80.04,80.45,80.27
100.61,100.71,100.74,100.17,100.66,100.96,100.57,100.8,100.47,100.79,100.79,100.28,100.98
20.51,20.81,20.73,20.42,20.5,20.87,20.78,20.14,20.31,20.96,20.08,20.26,20.82
40.63,40.41,40.85,40.37,40.14,40.02,40.54,40.49,40.42,40.23,40.26,40.58,40.44
60.15,60.63,60.94,60.35,60.37,60.82,60.49,60.39,60.19,60.91,60.63,60.51,60.39
80.73,80.42,80.06,80.9,80.3,80.7,80.44,80.11,80.48,80.78,80.22,80.06,80.78
100.96,100.43,100.59,100.02,100.11,100.54,100.69,100.96,100.17,100.06,100.88,100.2,100.57
20.48,20.4,20.64,20.23,20.14,20.54,20.49,20.56,20.85,20.39,20.3,20.72,20.15
40.78,40.08,40.22,40.16,40.42,40.46,40.03,40.42,40.23,41.0,40.85,40.32,40.87
60.83,60.65,60.9,60.04,60.36,60.55,60.77,60.76,60.7,60.39,60.49,60.11,60.42
80.29,80.58,80.69,80.3,80.45,80.01,80.6,80.84,80.43,80.24,80.51,80.13,80.39
100.42,100.18,100.86,100.3,100.84,100.17,100.77,100.65,100.92,100.53,100.56,100.41,100.5
20.95,20.17,20.1,20.59,20.29,20.94,20.73,20.7,20.78,20.72,20.09,20.82,20.7
40.08,40.96,40.74,40.64,40.21,40.81,40.05,40.51,40.62,40.8,40.51,40.41,40.53
60.25,60.53,60.84,60.03,60.44,60.85,60.74,60.41,60.44,60.6,60.84,60.98,60.31
80.55,80.48,80.07,80.15,80.35,80.89,80.62,80.41,80.23,80.33,80.59,80.16,80.53
100.64,100.38,100.3,100.6,100.84,100.71,100.09,100.34,100.26,100.08,100.32,100.64,100.12
20.24,20.58,20.01,20.04,20.84,20.95,20.22,20.66,20.21,20.21,20.59,20.47,20.3
40.92,40.1,40.81,40.34,40.79,40.17,40.5,40.64,40.12,40.03,40.97,40.06,40.75
60.62,60.33,60.06,60.91,60.18,60.53,60.35,60.81,60.92,60.12,60.58,60.42,60.01
80.89,80.4,80.19,80.54,80.01,80.62,80.05,80.18,80.36,80.44,80.84,80.05,80.44
100.25,100.24,100.72,100.37,100.44,100.27,100.94,100.19,100.09,100.68,100.92,100.61,100.65
20.79,20.22,20.81,20.68,20.4,20.64,20.23,20.83,20.24,20.41,20.2,20.54,20.52
40.17,40.64,40.59,40.16,40.31,40.3,40.92,40.86,40.98,40.78,40.42,40.67,40.83
60.51,60.11,61.0,60.95,60.31,60.27,60.33,60.73,60.21,60.64,60.11,60.58,60.74
80.09,80.27,80.39,80.11,80.5,80.36,80.22,80.69,80.47,80.86,80.17,80.36,80.48
100.34,100.96,100.58,100.85,100.14,100.53,100.68,100.14,100.86,100.99,100.05,100.02,100.06
20.31,20.61,20.2,20.15,20.35,20.24,20.73,20.91,20.26,20.83,20.82,20.4,20.12
40.38,40.45,40.12,40.87,40.3,40.31,40.31,40.81,40.88,40.55,40.45,40.91,40.65
60.85,60.02,60.88,60.8,60.11,60.15,60.42,60.01,60.91,60.78,60.05,60.88,60.75
80.66,80.28,80.63,80.49,80.79,80.41,80.05,80.46,80.97,80.6,80.67,80.16,80.32
100.83,100.55,100.79,100.27,100.42,100.69,100.76,100.56,100.24,100.66,100.54,100.03,100.54
20.21,20.17,20.74,20.41,20.6,20.33,20.01,20.08,20.59,20.44,20.36,20.76,20.58
40.53,40.59,40.78,40.96,40.85,40.85,40.95,40.43,40.68,40.4,40.07,40.34,40.72
60.54,60.7,60.21,60.38,60.79,60.38,60.19,60.6,60.34,60.66,60.89,60.78,60.03
80.87,80.03,80.11,80.16,80.1,80.52,80.6,80.75,80.69,80.6,80.57,80.29,80.83
100.49,100.18,100.5,100.35,100.49,100.23,100.8,100.74,100.82,100.15,100.44,100.85,100.68
20.83,20.96,20.04,20.1,20.91,20.34,20.37,20.79,20.22,20.01,20.58,20.5,20.51
40.84,40.04,40.33,40.92,40.69,40.58,40.29,40.91,40.33,40.28,40.9,40.16,40.97
60.67,60.22,60.71,60.88,60.82,60.56,60.02,60.26,60.5,60.97,60.26,60.98,60.44
80.22,80.29,80.46,80.87,80.34,80.63,80.32,80.01,80.95,80.35,80.3,80.21,80.46
100.47,100.6,100.36,100.65,100.02,100.73,100.57,100.7,100.84,100.6,100.76,100.31,100.79
20.34,20.72,20.35,20.01,20.61,20.74,20.3,20.63,20.67,20.69,20.03,20.05,20.19
40.21,40.23,40.85,40.28,40.44,40.54,40.89,40.09,40.24,40.9,40.04,40.64,40.89
60.47,60.54,60.03,60.77,60.91,60.13,60.64,60.17,61.0,60.75,60.19,60.86,60.13
80.72,80.83,80.3,80.85,80.65,80.18,80.68,80.58,80.93,80.86,80.24,80.82,80.31
100.65,100.68,100.63,100.02,100.48,100.81,100.13,100.31,100.27,100.26,100.67,100.77,100.12
20.34,20.32,20.73,20.7,20.34,20.84,20.21,20.35,20.82,20.39,20.73,20.31,20.9
40.19,40.27,40.13,40.43,40.63,40.35,40.45,40.24,40.95,40.25,40.45,40.64,40.09
60.5,60.93,60.15,60.34,60.21,60.62,60.14,60.59,60.68,60.11,60.72,60.75,60.57
80.84,80.22,80.61,80.8,80.92,80.8,80.92,80.56,80.37,80.35,80.48,80.98,80.36
100.81,100.72,100.28,100.67,100.48,100.75,100.1,100.32,100.59,100.73,100.74,100.05,100.57
20.53,20.62,20.49,20.27,20.55,20.11,20.41,20.83,20.91,20.72,20.01,20.05,20.41
40.4,40.04,40.93,40.38,40.93,40.54,40.53,40.5,40.15,40.84,40.95,40.36,40.25
60.06,60.66,60.13,60.92,60.83,60.92,60.82,60.76,60.24,60.08,60.88,60.66,60.97
80.33,80.05,80.82,80.18,80.38,81.0,80.41,80.75,81.0,80.31,80.9,80.05,80.53
100.69,100.2,100.02,100.44,100.16,100.93,100.05,100.65,100.06,100.28,100.86,100.96,100.58
20.87,20.66,20.98,20.46,20.1,20.42,20.93,20.06,20.99,20.06,20.81,20.99,20.07
40.65,40.14,40.31,40.86,40.57,40.66,40.54,40.86,40.71,40.26,40.69,40.14,40.65
60.15,60.78,60.18,60.92,60.52,60.79,60.49,60.42,60.04,60.07,60.1,60.85,60.05
80.72,80.49,80.21,80.31,80.76,80.57,80.02,80.06,80.48,80.68,80.65,80.21,80.86
100.77,100.81,100.25,100.25,100.54,100.97,100.85,100.91,100.18,100.93,100.54,100.13,100.32
20.27,20.67,20.54,20.05,20.53,20.67,20.41,20.42,20.24,20.05,20.84,20.15,20.57
40.94,40.17,40.27,40.9,40.44,40.6,40.47,40.98,40.56,40.8,40.7,40.76,40.95
60.14,60.91,60.24,60.46,60.87,60.57,60.29,60.29,60.02,60.28,60.12,60.28,60.23
80.64,80.82,80.9,80.97,80.67,80.95,80.17,80.05,80.61,81.0,80.9,80.51,80.49
100.36,100.55,100.49,100.98,100.47,100.56,100.99,100.73,100.51,100.52,100.46,100.25,100.58
20.56,20.18,20.49,20.78,20.07,20.47,20.3,20.6,20.73,20.93,20.98,20.98,20.55
40.48,40.31,40.26,40.53,40.91,40.73,40.38,40.28,40.55,40.97,40.82,40.03,40.79
60.01,60.21,60.64,60.37,60.25,60.09,60.17,60.21,60.93,60.81,60.37,60.05,60.53
80.67,80.12,80.12,80.39,80.98,80.93,80.32,80.6,80.41,80.01,80.33,80.85,80.04
100.46,100.89,100.85,100.41,100.84,100.48,100.72,100.07,100.25,100.25,100.21,100.55,100.82
20.13,20.49,20.34,20.18,20.19,20.64,20.71,20.44,20.98,20.15,20.74,20.08,20.56
40.73,40.87,40.6,40.2,40.2,40.38,40.24,40.2,40.64,40.3,40.01,40.85,40.3
60.74,60.14,60.54,60.2,60.19,60.83,60.42,60.41,60.34,60.36,60.63,60.17,60.41
80.15,80.91,80.8,80.65,80.6,80.48,80.5,80.98,80.89,80.13,80.19,80.76,80.96
100.92,100.2,100.18,100.64,100.65,100.56,100.01,100.21,100.63,100.6,100.06,100.08,100.91
20.74,20.15,20.68,20.9,20.08,20.39,20.86,20.42,20.13,20.59,20.81,20.3,20.93
40.56,40.82,40.59,40.61,40.1,40.67,40.11,40.79,40.95,40.61,40.16,40.91,40.91
60.04,60.14,60.69,60.55,60.44,60.59,60.93,60.01,60.71,60.34,60.34,60.36,60.55
80.36,80.64,80.29,80.28,80.29,80.49,80.68,80.23,80.99,80.34,80.48,80.59,80.25
100.69,100.59,100.7,100.38,100.35,100.71,100.92,100.16,100.61,100.1,100.57,100.64,100.06
20.53,20.72,20.03,20.15,20.51,20.39,20.43,20.31,20.11,20.73,20.89,20.47,20.77
40.03,40.02,40.37,40.99,40.57,40.8,40.06,40.26,40.36,40.37,40.92,40.1,40.13
60.59,60.25,60.1,60.95,60.98,60.64,60.26,60.57,60.83,60.75,60.13,60.19,60.23
80.39,80.13,80.96,80.81,80.8,80.16,80.2,80.74,80.23,80.26,80.67,80.41,80.64
100.85,100.36,100.23,100.01,100.24,100.3,100.29,100.8,100.06,100.77,100.88,100.8,100.26
20.35,20.97,20.48,20.66,20.18,20.32,20.53,20.18,20.17,20.05,20.03,20.58,21.0
40.62,40.1,40.95,40.77,40.5,40.2,40.74,40.69,40.56,40.34,40.68,40.02,40.89
60.74,60.72,60.8,60.43,60.18,60.51,60.29,60.14,60.78,60.23,60.34,60.21,60.24
80.8,80.28,80.26,80.18,80.78,80.77,80.62,80.51,80.25,80.7,80.83,80.27,80.93
100.9,100.36,100.56,100.51,100.09,100.26,100.37,100.37,100.74,100.19,100.89,100.68,100.24
20.12,20.1,20.99,20.05,20.04,20.32,20.32,20.29,20.48,20.33,20.2,20.94,20.86
40.81,40.31,40.11,40.06,40.89,40.07,40.75,40.17,40.81,40.88,40.9,40.59,40.55
60.66,60.84,60.64,60.25,60.59,60.53,60.76,60.58,60.3,60.5,60.35,60.27,60.88
80.15,80.5,80.56,80.01,80.04,80.53,80.04,80.1,80.23,80.8,80.82,80.94,80.13
100.74,100.5,100.52,100.32,100.88,100.42,100.5,100.46,100.15,100.82,100.81,100.05,100.85
20.91,20.91,20.7,20.22,20.3,20.24,20.9,20.36,20.91,20.74,20.43,20.01,20.33
40.68,40.91,40.56,40.71,40.35,40.84,40.04,40.43,40.86,40.43,40.46,40.94,40.16
60.91,60.44,60.92,60.74,60.79,60.77,60.03,60.08,60.31,60.7,60.25,60.81,60.76
80.85,80.43,80.26,80.42,80.37,80.67,80.36,80.07,80.28,80.46,80.38,80.94,80.71
100.63,100.5,100.43,100.57,100.16,100.24,100.98,100.77,100.22,100.44,100.55,100.41,100.03
20.44,20.25,20.76,20.13,20.18,20.63,20.16,20.47,20.63,20.4,20.6,20.29,20.23
40.11,40.24,40.51,40.2,40.77,40.08,40.69,40.02,40.03,40.22,40.09,40.31,40.11
60.97,60.18,60.06,60.26,60.37,60.24,60.04,60.26,60.49,60.7,60.62,60.37,60.78
80.01,80.81,80.54,80.18,80.62,80.72,80.27,80.32,80.53,80.46,80.42,80.18,80.32
100.76,100.08,100.79,100.64,100.81,100.01,100.35,100.47,100.54,100.97,100.85,100.44,100.19
20.92,20.74,20.77,20.4,20.43,20.08,20.05,20.13,20.41,20.52,20.1,20.55,20.46
40.12,41.0,40.08,40.25,40.12,40.62,40.77,40.13,40.93,40.71,40.17,40.08,40.25
60.19,60.95,60.08,60.26,60.5,60.19,60.16,60.7,60.11,60.95,60.47,60.44,60.98
80.89,80.98,80.8,80.66,80.67,80.43,80.42,80.39,80.21,80.81,80.22,80.87,80.42
100.56,100.14,100.63,100.52,100.13,100.99,100.41,100.21,100.11,100.01,100.9,100.52,100.91
20.87,20.83,20.2,20.04,20.06,20.42,20.85,20.89,20.6,20.76,20.22,20.92,20.27
40.6,40.43,40.47,40.63,40.39,40.83,40.94,40.39,40.33,40.96,40.17,40.1,40.79
60.17,60.76,60.63,60.57,60.96,60.42,60.11,60.5,60.9,60.16,60.63,60.99,60.02
80.47,80.71,80.81,80.5,80.24,80.03,80.52,80.35,80.74,80.81,80.46,80.33,80.14
100.34,100.84,100.05,100.52,100.25,100.18,100.64,100.68,100.74,100.66,100.17,100.48,100.35
20.35,20.65,20.67,20.46,20.71,20.05,20.73,20.34,20.19,20.46,20.07,20.43,20.99
40.34,40.1,40.88,40.92,40.49,40.57,40.94,40.88,40.9,40.71,40.02,40.85,40.86
60.24,60.44,60.05,60.42,60.73,60.24,60.86,60.59,60.44,60.48,60.28,60.43,61.0
80.64,80.13,80.84,80.03,80.01,80.18,80.86,80.97,80.9,80.06,80.67,80.46,80.41
100.41,100.87,100.26,100.87,100.58,100.08,101.0,100.09,100.32,100.93,100.86,100.27,100.13
20.53,20.77,20.36,20.88,20.87,20.61,20.77,20.14,20.69,20.84,20.3,20.09,20.48
40.57,40.76,40.17,40.37,40.84,40.14,40.32,40.34,40.64,40.82,40.21,40.51,40.28
60.7,60.9,61.0,60.98,61.0,60.87,60.96,60.87,60.26,60.54,60.23,60.04,60.22
80.7,80.63,80.35,80.07,80.11,80.92,80.64,80.49,80.94,80.41,80.72,80.07,80.42
100.06,100.79,100.98,100.47,100.55,100.89,100.27,100.39,100.8,100.94,100.93,100.28,100.32
20.41,20.7,20.62,20.04,20.18,20.3,20.97,20.02,20.87,20.72,20.78,20.38,20.59
40.01,40.17,40.04,40.68,40.31,40.39,40.05,40.17,40.21,40.06,40.84,40.64,40.18
60.33,60.37,60.4,60.83,60.99,60.25,60.49,60.21,60.72,60.2,60.61,60.38,60.27
80.36,80.99,80.02,80.29,80.75,80.48,80.53,80.68,81.0,80.91,80.64,80.53,80.1
100.55,100.37,100.04,100.65,100.8,100.04,100.34,100.07,100.57,100.42,100.12,100.6,100.03
20.74,20.98,20.03,20.04,20.01,20.17,20.78,20.43,20.94,20.74,20.61,20.77,20.61
40.37,40.27,40.32,40.8,40.97,40.36,40.68,40.5,40.76,40.11,40.74,40.24,40.1
60.47,60.71,60.33,60.78,60.74,60.98,60.35,60.9,60.23,60.14,60.84,60.02,60.5
80.02,80.31,80.82,80.76,80.95,80.22,80.46,80.96,80.62,80.79,80.17,80.41,80.1
100.99,100.84,100.75,100.27,100.73,100.73,100.49,100.78,100.09,100.89,100.03,100.95,100.11
20.39,20.34,20.52,20.14,20.67,20.58,20.05,20.39,20.75,20.07,20.18,20.24,20.45
40.62,40.96,40.23,40.16,41.0,40.25,40.32,40.38,40.15,40.62,40.85,40.66,40.56
60.03,60.28,60.21,60.69,60.86,60.41,60.28,60.88,60.8,60.88,60.27,60.25,60.95
80.41,80.48,80.86,80.82,80.05,80.94,80.13,80.99,80.39,80.76,80.68,80.74,80.99
100.85,100.4,100.78,100.2,100.28,100.55,100.31,100.1,100.9,100.44,100.85,100.37,100.53
20.43,20.06,20.91,20.56,20.13,21.0,20.26,20.13,20.65,20.69,20.1,20.26,20.79
40.23,40.9,40.41,40.81,40.35,41.0,40.28,40.74,40.44,40.32,40.36,40.03,40.89
60.5,60.67,60.44,60.31,60.99,60.69,60.75,60.07,60.36,60.65,60.17,60.4,60.72
80.97,80.49,80.09,80.45,80.42,80.56,80.65,81.0,80.74,80.94,80.92,80.06,80.96
100.97,100.69,100.15,100.84,100.07,100.48,100.17,100.45,100.98,100.65,100.68,100.45,100.72
20.02,20.55,20.71,20.58,20.54,20.44,20.63,20.07,20.16,20.18,20.09,20.13,20.59
40.2,40.45,40.44,40.76,40.56,40.87,40.71,40.76,40.52,40.59,40.05,41.0,40.23
60.39,60.94,60.21,60.56,60.66,60.91,60.22,60.42,60.86,60.71,60.96,60.13,60.85
80.33,80.23,80.65,80.06,80.08,80.01,80.01,80.14,80.86,81.0,80.09,80.24,80.78
100.52,100.41,100.96,100.99,100.19,100.25,100.19,100.55,100.4,100.37,100.93,100.58,100.6
20.08,20.37,20.17,20.85,20.25,20.25,20.95,20.7,20.63,20.92,20.95,20.15,20.17
40.8,40.88,40.06,40.41,40.48,40.03,40.57,40.15,40.67,40.63,40.55,40.38,41.0
60.81,60.78,60.01,60.51,60.18,60.9,60.9,60.48,60.07,60.91,60.79,60.89,60.79
80.07,80.58,80.16,80.26,80.77,80.88,80.2,80.28,80.81,80.27,80.72,80.12,80.63
100.22,100.79,100.2,100.22,100.01,100.78,100.33,100.3,100.56,100.86,101.0,100.84,100.64
20.85,20.43,20.01,20.71,20.5,20.53,20.15,20.5,20.28,20.96,20.97,20.33,20.48
40.19,40.05,40.9,40.47,40.06,40.9,40.95,40.95,40.13,40.92,40.63,40.8,40.38
60.65,60.42,60.52,60.62,60.98,60.87,60.85,60.86,60.54,60.15,60.74,60.99,60.89
80.39,80.25,80.38,80.85,81.0,80.87,80.43,80.44,80.2,80.43,80.21,80.63,80.02
100.7,100.68,100.3,100.68,100.19,100.32,100.66,100.37,100.29,100.6,100.52,100.99,100.51
20.45,20.03,20.25,20.43,20.9,20.82,20.73,20.21,20.06,20.25,20.37,20.57,20.25
40.26,40.85,40.62,40.42,40.95,40.06,40.73,40.81,40.19,40.47,40.92,40.07,40.4
60.04,60.05,60.7,60.46,60.78,60.52,61.0,60.99,60.1,60.97,60.28,60.88,60.78
80.24,80.77,80.26,80.92,80.54,80.89,80.31,80.67,80.32,80.9,80.66,80.55,80.26
100.31,100.49,100.17,100.95,100.31,100.46,100.73,100.68,100.57,100.08,100.99,100.24,100.38
20.94,20.81,20.56,20.26,20.26,20.4,20.05,20.71,20.79,20.32,20.88,20.67,20.32
40.5,40.69,40.38,40.39,40.65,40.53,40.99,40.64,40.88,40.67,40.44,40.15,40.85
60.7,60.14,60.08,60.52,60.95,60.97,60.26,60.68,60.99,60.18,60.15,60.27,60.97
80.45,80.3,80.32,80.24,80.6,80.31,80.24,80.1,80.71,80.41,80.69,80.46,80.21
100.83,100.76,100.64,100.07,100.1,100.16,100.58,100.64,100.59,100.21,100.57,100.16,100.25
20.88,20.66,20.85,20.84,20.46,20.08,20.68,20.01,20.39,20.3,20.18,20.54,20.88
40.05,40.12,40.46,40.97,40.56,40.22,40.79,40.05,40.44,40.8,40.01,41.0,40.53
60.71,60.95,60.95,60.59,60.68,60.14,60.12,60.87,60.68,60.67,60.28,60.44,60.04
80.97,80.78,80.36,80.02,80.88,80.72,81.0,80.02,80.12,80.07,80.07,80.73,80.9
100.26,100.42,100.49,100.71,100.54,100.96,100.2,100.15,100.26,100.1,100.88,100.46,100.5
20.8,20.47,20.66,20.87,20.09,20.78,20.31,20.12,20.77,20.05,20.15,20.64,20.67
40.53,40.46,40.64,40.77,40.96,40.43,40.3,40.94,40.51,40.26,40.21,40.53,40.26
60.25,60.93,60.57,60.57,60.31,60.29,60.52,60.41,60.72,60.05,60.47,60.7,60.38
80.96,80.87,80.38,80.82,80.79,80.95,80.55,80.99,80.15,80.7,80.97,80.04,80.53
100.23,100.3,100.32,100.72,100.07,100.58,100.21,100.58,100.74,100.66,100.43,100.22,100.37
20.78,20.49,20.44,20.19,20.41,20.44,20.19,20.84,20.94,20.81,20.9,20.83,20.66
40.31,40.09,40.2,40.78,40.93,40.16,40.83,40.99,40.94,40.58,40.43,40.71,41.0
60.53,60.79,60.51,60.29,60.5,60.73,60.78,60.89,60.99,60.71,60.87,60.22,60.17
80.4,80.62,80.03,80.07,80.54,80.64,80.8,80.84,80.51,80.29,80.4,80.55,80.42
100.34,100.12,100.99,100.85,100.76,100.14,100.89,100.02,100.46,100.21,100.6,100.1,100.81
20.46,20.88,20.51,20.25,20.97,20.63,20.06,20.71,20.47,20.06,20.43,20.02,20.65
40.57,40.34,40.49,40.94,40.85,40.97,40.92,40.34,40.13,40.31,40.68,40.02,40.49
60.22,60.86,60.74,60.12,60.97,60.8,60.26,60.22,60.98,60.31,60.79,60.31,60.39
80.46,80.25,80.3,80.25,80.18,80.08,80.34,80.45,80.98,80.06,80.79,80.55,80.62
100.67,100.26,100.05,100.99,100.48,100.29,100.14,100.47,100.14,100.91,100.77,100.5,100.23
20.73,20.32,20.21,20.39,20.12,20.71,20.48,20.96,20.41,20.69,20.12,20.5,20.23
40.68,40.66,40.17,40.58,40.88,40.41,40.19,40.17,40.12,40.82,40.24,40.2,40.56
60.11,60.39,60.11,60.84,60.55,60.95,60.3,60.17,60.76,60.97,61.0,60.88,60.33
80.77,80.51,80.58,80.9,80.23,80.79,80.89,81.0,80.88,80.16,80.81,80.72,80.03
100.09,100.18,100.13,100.65,100.24,100.84,100.27,100.12,100.16,100.49,100.63,100.02,100.33
20.34,20.2,20.08,21.0,20.6,20.18,20.99,20.89,20.54,20.34,20.62,20.84,20.37
40.5,41.0,40.48,40.64,40.17,40.52,40.88,40.3,40.65,40.5,40.62,40.72,40.13
60.13,60.26,60.03,60.01,60.4,60.58,60.92,60.37,60.21,60.87,60.76,60.69,60.44
80.82,80.66,80.24,80.51,80.47,80.8,80.96,80.75,80.54,80.47,80.01,80.04,80.36
100.51,100.47,100.17,100.33,100.99,101.0,100.67,100.7,100.92,100.85,100.34,100.11,100.41
20.55,20.21,20.51,20.86,20.66,20.05,20.98,20.6,20.51,20.81,20.98,20.99,20.32
40.44,40.19,40.49,40.28,40.21,40.11,40.22,40.24,40.94,40.68,40.23,40.12,40.5
60.27,60.56,60.3,60.86,60.18,60.08,60.51,60.5,60.69,60.25,60.95,60.93,60.11
80.15,80.85,80.08,80.46,80.92,80.85,80.02,80.78,80.63,80.86,80.01,80.45,80.17
100.96,100.08,100.61,100.76,100.08,100.22,100.84,100.78,100.21,100.13,100.07,100.77,100.11
20.08,20.66,20.31,20.48,20.36,21.0,20.68,20.07,20.07,20.93,20.3,20.33,20.96
40.69,40.05,40.3,40.64,40.93,40.39,40.01,40.98,40.11,40.82,40.19,40.86,40.37
60.29,60.17,60.77,60.66,60.17,60.1,60.67,60.3,60.72,60.81,60.53,60.84,60.22
80.29,80.6,80.24,80.46,80.1,80.47,80.29,80.84,80.08,80.31,80.15,80.35,80.24
100.99,100.14,100.61,100.06,100.9,100.06,100.95,100.06,100.61,100.69,100.15,100.12,100.81
20.73,20.51,20.04,20.43,20.41,20.36,20.57,20.85,20.22,20.93,20.01,20.07,20.01
40.46,40.07,40.38,40.01,40.36,40.47,40.33,40.28,40.21,40.13,40.38,40.94,40.97
60.82,60.78,60.31,60.95,60.35,60.86,60.56,60.66,60.51,60.64,60.84,60.66,60.48
80.98,80.2,80.62,80.13,80.33,80.89,80.19,80.26,80.25,80.78,80.18,80.15,80.15
100.49,100.07,100.99,100.95,100.04,100.32,100.05,100.43,100.2,100.77,100.68,100.12,101.0
20.13,20.79,20.52,20.1,20.58,20.05,20.48,20.79,20.9,20.78,20.69,20.42,20.54
40.42,40.68,40.26,40.48,40.62,40.62,40.56,40.2,40.23,40.49,40.68,40.96,40.81
60.08,60.59,60.62,60.33,60.41,60.77,60.89,60.54,60.66,60.45,60.19,60.03,60.87
80.15,80.48,80.61,80.18,80.68,80.56,80.07,80.7,80.33,80.85,80.33,80.72,80.81
100.71,100.18,100.63,100.37,100.02,100.72,100.31,100.68,100.31,100.02,100.12,100.39,100.77
20.06,20.93,20.05,20.68,20.28,20.3,20.41,20.81,20.91,20.91,20.91,20.75,20.18
40.19,40.56,40.11,40.43,40.37,40.86,40.22,40.77,40.1,40.44,40.88,40.75,40.55
60.71,60.89,60.65,60.38,60.01,60.41,60.14,60.19,60.75,60.37,60.86,60.95,60.52
80.11,80.81,80.62,80.33,80.31,80.2,80.28,80.8,80.93,80.28,80.36,80.22,80.12
100.83,100.56,100.42,100.72,100.12,100.38,100.64,100.83,100.13,100.38,100.5,100.33,100.93
20.3,20.18,20.54,20.98,20.97,20.37,20.72,20.8,20.7,20.61,20.63,20.91,20.47
40.08,40.35,40.45,40.31,40.25,40.77,40.95,40.01,40.55,40.28,40.31,40.99,40.18
60.82,60.47,60.66,60.72,60.39,60.83,60.64,60.16,60.17,60.44,60.58,60.07,60.64
80.74,80.32,80.31,80.21,80.58,80.49,80.53,80.89,80.76,80.37,80.92,80.04,80.8
100.31,100.98,100.44,100.15,100.08,100.57,100.77,100.85,100.16,100.81,100.43,100.98,100.72
20.09,20.85,20.6,20.75,20.19,20.28,20.67,20.91,20.04,20.82,20.02,20.65,20.06
40.23,40.92,40.54,40.99,40.27,40.63,40.17,40.55,40.41,40.68,40.36,40.91,40.6
60.76,60.39,60.17,60.24,60.18,60.79,60.8,60.17,60.18,60.75,60.9,60.76,60.48
80.08,80.64,80.26,80.34,80.55,80.95,80.88,80.71,80.05,80.07,80.13,80.07,80.7
101.0,100.11,100.75,100.43,100.32,100.16,100.61,100.01,100.44,100.71,100.72,100.43,100.89
20.67,20.78,20.62,20.69,20.9,20.47,20.45,20.51,20.11,20.98,20.07,20.8,20.64
40.65,40.5,40.48,40.65,40.02,40.99,40.22,40.61,40.39,40.4,40.48,40.3,40.7
60.18,60.11,60.96,60.58,60.61,60.76,60.43,60.83,60.91,60.94,60.7,60.01,60.02
80.67,80.8,80.15,80.38,80.94,80.51,80.28,80.78,80.19,80.43,80.51,80.47,80.38
100.66,100.17,100.95,100.48,100.27,100.81,100.57,100.96,100.76,100.88,100.78,100.85,100.75
20.09,20.2,20.02,20.48,20.35,20.28,20.17,20.28,20.49,20.23,20.72,20.87,20.47
40.05,40.72,40.33,40.25,40.89,40.05,40.97,40.55,40.52,40.51,40.55,40.21,40.85
60.26,60.75,60.89,61.0,60.04,60.22,60.06,60.62,60.07,60.53,60.26,60.48,60.59
80.85,80.2,80.6,80.38,80.65,80.25,80.05,80.69,80.62,80.95,80.77,80.18,80.13
100.91,100.33,100.22,100.15,100.54,100.55,100.28,100.54,100.1,100.81,100.73,100.64,100.12
20.76,20.84,20.39,20.17,20.8,20.29,20.48,20.75,20.08,20.61,20.04,20.09,20.57
40.94,40.49,40.95,40.8,40.75,40.08,40.59,40.76,40.89,40.99,40.07,40.38,40.6
60.25,60.43,60.65,60.18,60.63,60.76,60.7,60.67,60.57,60.95,60.13,60.21,60.14
80.89,80.3,80.62,80.26,80.82,80.13,80.35,80.01,80.54,80.26,80.05,80.63,80.92
100.12,100.04,100.5,100.23,100.48,100.66,100.64,100.07,100.03,100.47,100.03,100.61,100.6
20.3,20.59,20.92,20.57,20.49,20.98,20.01,20.07,20.75,20.79,20.84,20.08,20.8
40.46,40.84,40.3,40.99,40.36,40.5,40.43,40.54,40.08,40.86,40.64,40.1,40.88
60.53,60.47,60.36,60.28,60.44,60.55,60.64,60.37,60.68,60.64,60.33,60.56,60.02
80.79,80.17,80.12,80.47,80.08,80.08,80.36,80.6,80.89,80.57,80.55,80.98,80.03
100.98,100.2,100.13,100.84,100.75,100.55,100.64,100.28,100.8,100.3,100.7,100.77,100.37
20.27,20.54,20.81,20.25,20.4,20.5,20.94,20.97,20.72,20.82,20.54,20.7,20.02
40.39,40.96,40.41,40.77,40.36,40.51,40.71,40.31,40.83,40.55,40.6,40.12,40.22
60.14,60.38,60.64,60.55,60.49,60.11,60.13,60.06,60.12,60.57,61.0,60.03,60.48
80.05,80.19,80.49,80.53,80.38,80.05,80.14,80.19,80.63,80.13,80.47,80.27,80.69
100.59,100.1,100.86,100.92,100.27,100.86,100.7,100.76,100.59,100.7,100.47,100.97,100.02
20.06,20.34,20.82,20.87,20.96,20.05,20.6,20.81,20.96,20.15,20.21,20.67,20.3
40.26,40.67,40.37,40.44,40.84,40.06,40.29,40.78,40.3,40.29,40.45,40.52,40.79
60.33,60.79,60.9,60.22,60.48,60.49,60.64,60.1,60.29,60.44,60.72,60.53,60.86
81.0,80.45,80.5,80.29,80.08,80.88,80.03,80.09,80.22,80.35,80.85,80.97,80.32
100.73,100.77,100.98,100.27,100.5,100.2,100.37,100.99,100.5,100.91,100.1,100.79,100.89
20.67,20.44,20.15,20.85,20.38,20.04,20.03,20.36,20.31,20.76,20.31,20.87,20.11
40.16,40.73,40.21,40.33,40.85,40.62,40.32,40.65,40.9,40.94,40.57,40.86,40.5
60.2,61.0,60.27,60.4,60.57,60.43,60.12,60.22,60.1,60.05,60.43,60.06,60.51
80.75,80.77,80.78,80.93,80.3,80.99,80.27,80.12,80.54,80.85,80.88,80.64,80.96
100.55,100.66,100.04,100.08,100.18,100.79,100.75,100.29,100.34,100.79,100.3,101.0,100.29
20.25,20.09,20.17,20.19,20.74,20.83,20.06,20.05,20.06,20.24,20.35,20.17,20.04
40.69,40.89,40.9,40.52,40.65,40.27,40.71,40.66,40.41,40.37,40.18,40.5,40.88
60.8,60.22,60.77,60.61,60.62,60.43,60.87,60.91,60.41,60.5,60.6,60.06,60.26
80.25,80.37,80.35,80.57,80.98,80.81,80.8,80.43,80.26,80.15,80.84,80.72,80.05
100.08,100.17,100.67,100.49,100.53,100.81,100.27,100.55,100.37,100.5,100.09,100.87,100.78
20.58,20.32,20.11,20.67,20.14,20.74,20.57,20.28,20.95,20.71,20.36,20.86,20.95
40.39,40.46,40.28,40.83,40.21,40.91,40.6,40.6,40.56,40.2,40.09,40.73,40.94
60.95,60.8,60.09,60.35,60.66,60.39,60.46,60.77,60.78,60.27,60.91,60.85,60.21
80.53,80.02,80.76,80.93,80.48,80.59,80.63,80.04,80.94,80.58,80.92,80.38,80.99
100.7,100.13,100.32,100.35,100.98,100.35,100.31,100.62,100.85,100.23,100.76,100.37,100.23
20.51,20.73,20.93,20.97,20.68,20.88,20.96,20.41,20.94,20.81,20.86,20.05,21.0
40.07,40.27,40.7,40.65,40.41,40.22,40.41,40.91,40.65,40.88,40.3,40.25,40.26
60.09,60.32,60.66,60.57,60.94,60.45,60.6,60.89,60.99,60.6,60.89,60.34,60.62
80.02,80.02,80.11,80.15,80.89,80.91,80.12,80.74,80.56,80.73,80.99,80.28,80.38
100.83,100.3,100.74,100.14,100.83,100.29,100.69,100.33,100.78,100.07,100.87,100.52,100.61
20.77,20.44,20.28,20.74,20.45,20.75,20.93,20.64,20.19,20.34,20.31,20.38,20.01
40.47,40.18,40.69,40.4,40.02,40.04,40.49,40.89,40.89,40.83,40.67,40.92,40.18
60.03,60.81,60.83,60.71,60.24,60.01,60.06,60.19,60.99,60.14,60.77,60.23,60.78
80.46,80.72,80.88,80.75,80.26,80.39,80.43,80.38,80.04,80.64,80.3,80.81,80.12
100.34,100.18,100.38,100.29,100.43,100.64,100.57,100.2,100.03,100.25,100.35,100.13,100.96
20.01,20.92,20.68,20.79,20.04,20.43,20.42,20.55,20.76,20.24,20.98,20.77,20.19
40.62,40.28,40.42,40.12,40.35,40.19,40.18,40.21,40.53,40.14,40.28,40.64,40.95
60.09,60.97,60.8,60.37,60.21,60.82,60.73,60.14,60.31,60.59,60.52,60.34,60.21
80.73,80.59,81.0,80.41,80.71,80.22,80.06,80.03,80.01,80.65,80.26,80.63,80.65
100.57,100.6,100.28,100.01,100.17,100.59,100.21,100.54,100.17,100.67,100.97,100.25,100.39
20.61,20.94,20.96,20.62,20.1,20.26,20.97,20.42,20.88,20.59,20.15,20.31,20.5
40.48,40.38,40.03,40.76,40.17,40.34,40.54,40.98,40.43,40.32,40.84,40.44,40.37
60.92,60.7,60.81,60.32,60.34,60.69,60.35,60.31,60.2,60.9,60.66,60.18,60.04
80.79,80.37,80.47,80.7,80.22,80.62,80.55,80.87,80.48,80.16,80.73,80.35,80.56
100.11,100.94,100.74,100.06,100.86,100.3,100.61,100.03,100.73,100.98,100.26,100.78,100.89
20.49,20.58,20.61,20.12,20.28,20.7,20.7,20.57,20.99,20.76,20.04,20.83,20.12
40.51,40.19,40.84,40.62,40.24,40.76,40.17,40.29,40.69,40.59,40.38,40.98,40.8
60.85,60.16,60.01,60.96,60.43,60.46,60.5,60.86,60.34,60.04,60.07,60.25,60.53
80.22,80.17,80.49,80.66,80.46,80.69,80.96,80.72,80.78,80.28,80.26,80.04,81.0
100.66,100.34,100.62,100.45,100.11,100.86,100.47,100.54,100.48,100.05,100.47,100.52,100.08
20.5,20.63,20.81,20.84,20.07,20.82,20.19,20.79,20.86,20.48,20.21,20.53,20.05
40.39,40.24,40.09,40.07,40.87,40.91,40.61,40.99,40.03,40.42,40.55,40.01,40.82
60.39,60.36,60.32,60.51,60.84,60.86,60.1,60.72,60.28,60.4,60.23,60.33,60.11
80.54,80.68,80.43,80.18,80.71,80.34,80.57,80.96,80.38,80.34,80.73,80.68,80.84
100.54,100.79,100.07,100.67,100.53,100.19,100.27,100.14,100.99,100.92,100.3,100.38,100.67
20.15,20.96,20.19,20.72,20.15,20.44,20.06,20.96,20.3,20.57,20.41,20.86,20.78
40.58,40.2,40.54,40.19,40.51,40.43,40.45,40.69,40.34,40.78,40.31,40.96,40.85
60.99,60.13,60.42,60.7,60.83,60.16,60.22,60.95,60.88,60.26,60.37,60.58,60.17
80.99,80.67,80.76,80.47,80.65,80.02,80.91,80.07,80.69,80.5,80.74,80.46,80.89
100.84,100.14,100.3,100.21,100.8,100.03,100.14,100.48,100.27,100.72,100.13,100.3,100.42
20.2,20.94,20.93,20.07,20.68,20.92,20.17,20.42,21.0,20.06,20.29,20.83,20.14
40.93,40.96,40.83,40.04,40.79,40.52,40.28,40.61,40.21,40.61,40.07,40.79,40.96
60.64,60.39,60.24,60.65,60.81,60.95,60.7,60.33,60.65,60.73,60.42,60.21,60.03
80.94,80.84,80.37,80.57,80.51,80.81,80.85,80.97,80.33,80.33,80.81,80.32,80.28
100.22,100.77,100.14,100.74,100.25,100.78,100.93,100.67,100.33,100.59,100.92,100.63,100.01
20.74,20.71,20.63,20.36,20.06,20.85,20.24,20.09,20.89,20.68,20.09,20.35,20.04
40.28,40.06,40.88,40.68,40.1,40.16,40.83,40.07,40.69,40.84,40.29,40.89,40.44
60.9,60.73,60.92,60.46,60.64,60.3,60.83,60.4,60.15,60.7,60.65,60.52,60.02
80.44,80.82,80.43,80.87,80.05,80.44,80.07,80.35,80.61,80.22,80.35,80.6,80.29
100.16,101.0,100.75,100.26,100.52,100.61,100.47,100.61,100.45,101.0,100.75,100.17,100.67
20.25,20.06,20.34,20.46,20.01,20.95,20.44,20.59,20.93,20.76,20.54,20.78,20.59
40.94,40.09,40.79,40.35,40.31,40.6,40.68,40.71,40.84,40.86,40.99,40.42,40.05
60.45,60.25,60.21,60.93,60.73,60.79,60.07,60.51,60.97,60.19,60.75,60.5,60.19
80.46,80.3,80.79,80.23,80.61,80.35,80.66,80.37,80.61,80.1,80.02,80.26,80.93
100.7,100.5,100.05,100.31,100.98,100.07,100.37,100.49,100.51,100.61,100.3,100.73,100.54
20.78,20.79,20.55,20.69,20.14,20.63,20.01,20.95,20.03,20.23,20.33,20.48,20.48
40.18,40.31,40.13,40.04,40.6,40.34,40.83,40.64,40.52,40.59,40.42,40.29,40.75
60.92,60.69,60.26,60.8,60.32,60.86,60.46,60.09,60.26,60.05,60.66,60.27,60.5
80.26,80.18,80.75,80.58,80.28,80.81,80.5,80.97,80.69,80.22,80.96,80.1,80.96
100.63,100.12,100.15,100.05,100.1,100.66,100.03,100.16,100.33,100.85,100.1,100.65,100.62
20.52,20.26,20.38,20.08,20.36,20.23,20.97,20.63,20.06,20.47,20.69,20.48,20.87
40.76,40.11,40.49,40.45,40.8,40.37,40.32,40.17,40.39,40.24,40.3,40.13,40.63
60.71,60.15,60.95,60.67,60.82,60.22,60.46,60.89,60.84,60.4,60.31,60.16,60.48
80.37,80.88,80.28,80.1,80.15,80.59,80.95,80.54,80.1,80.1,80.34,80.76,80.69
100.46,100.37,100.62,100.35,100.62,100.21,100.69,100.7,100.77,100.77,100.3,100.37,100.74
20.09,20.26,20.86,20.68,20.32,20.17,20.06,20.31,20.77,20.02,20.87,20.39,20.66
40.42,40.14,41.0,40.78,40.08,40.85,40.76,40.44,40.26,40.97,40.09,40.19,40.55
60.27,60.75,60.91,60.3,60.33,60.62,60.29,60.96,60.62,60.64,60.39,60.4,60.79
80.01,80.63,80.1,80.14,80.95,80.86,80.66,80.46,80.63,80.3,80.11,80.69,80.07
100.72,100.69,100.55,100.45,100.23,100.44,100.74,100.64,100.15,100.53,100.69,100.22,100.58
20.62,20.29,20.75,20.02,20.68,20.25,20.95,20.14,21.0,20.54,20.15,20.14,20.55
40.17,40.68,40.27,40.6,40.04,40.58,40.3,40.31,40.28,40.77,40.23,40.04,40.32
60.78,60.44,60.86,60.46,60.81,60.13,60.66,60.7,60.44,60.77,60.9,60.74,60.08
80.64,80.41,80.33,80.51,80.48,80.15,80.6,80.61,80.3,80.63,80.82,80.63,80.7
100.31,100.8,100.63,100.5,100.63,100.63,101.0,100.53,100.31,100.39,100.78,100.06,100.57
20.3,20.34,20.84,20.09,20.52,20.49,20.45,20.51,20.31,20.23,20.4,20.8,20.83
40.54,40.39,40.66,40.18,40.44,40.5,40.91,40.38,41.0,40.32,40.33,40.09,40.04
60.89,60.19,60.43,60.82,60.77,60.35,60.67,61.0,60.92,60.89,60.11,60.84,60.64
80.09,80.7,80.69,80.69,80.87,80.32,80.49,80.73,80.63,80.01,80.16,80.45,80.8
100.44,100.19,100.59,100.08,100.43,100.42,100.47,100.23,100.26,100.28,100.32,100.04,100.52
20.96,20.7,20.05,20.84,20.01,20.79,20.33,20.95,20.06,20.96,20.3,20.45,20.74
40.5,40.83,40.17,40.21,40.13,40.71,40.45,40.97,40.29,40.91,40.35,40.21,40.07
60.16,60.77,60.08,60.01,60.69,60.77,60.25,60.24,60.96,60.4,60.43,60.64,60.91
80.31,80.59,80.77,80.29,80.51,80.47,80.49,80.21,80.3,80.35,80.77,80.13,80.62
100.49,100.05,100.53,100.27,100.8,100.74,100.68,100.92,100.18,100.2,100.82,100.57,100.8
20.18,20.8,20.71,20.55,20.47,20.2,20.27,20.97,20.03,20.45,20.46,20.95,20.6
40.82,40.11,40.08,40.65,40.75,40.31,40.54,40.92,41.0,40.96,40.22,40.87,40.36
60.45,60.91,60.97,60.64,60.73,60.02,60.88,60.39,60.15,60.5,60.24,60.53,60.88
80.13,80.37,80.43,80.75,80.8,80.61,80.93,80.14,80.97,80.84,80.66,80.72,80.43
100.46,100.02,100.73,100.97,100.6,100.52,100.26,100.84,100.07,100.81,100.81,100.36,100.47
20.98,20.38,20.72,20.45,20.33,20.49,20.04,20.04,20.25,20.48,20.53,20.88,20.25
40.47,40.17,40.9,40.2,40.09,40.97,40.95,40.18,41.0,40.36,40.47,40.71,40.84
60.7,60.46,60.66,60.81,60.84,60.74,60.2,60.43,60.39,60.1,60.98,60.18,60.23
80.22,80.01,80.97,80.72,80.17,80.7,80.13,80.73,80.85,80.08,80.83,80.74,80.86
100.8,100.21,100.04,100.45,101.0,100.47,100.62,100.05,100.58,100.5,100.14,100.64,100.53
